0,1.jpg,no_tumor
1,2.jpg,no_tumor
2,3.jpg,no_tumor
3,4.jpg,no_tumor
4,5.jpg,no_tumor
5,6.jpg,no_tumor
6,7.jpg,no_tumor
7,8.jpg,no_tumor
8,image (10).jpg,no_tumor
9,image (11).jpg,no_tumor
10,image (12).jpg,no_tumor
11,image (13).jpg,no_tumor
12,image (14).jpg,no_tumor
13,image (15).jpg,no_tumor
14,image (16).jpg,no_tumor
15,image (17).jpg,no_tumor
16,image (18).jpg,no_tumor
17,image (19).jpg,no_tumor
18,image (20).jpg,no_tumor
19,image (21).jpg,no_tumor
20,image (22).jpg,no_tumor
21,image (23).jpg,no_tumor
22,image (24).jpg,no_tumor
23,image (25).jpg,no_tumor
24,image (26).jpg,no_tumor
25,image (27).jpg,no_tumor
26,image (28).jpg,no_tumor
27,image (29).jpg,no_tumor
28,image (30).jpg,no_tumor
29,image (31).jpg,no_tumor
30,image (32).jpg,no_tumor
31,image (33).jpg,no_tumor
32,image (34).jpg,no_tumor
33,image (35).jpg,no_tumor
34,image (36).jpg,no_tumor
35,image (37).jpg,no_tumor
36,image (38).jpg,no_tumor
37,image (39).jpg,no_tumor
38,image (4).jpg,no_tumor
39,image (40).jpg,no_tumor
40,image (41).jpg,no_tumor
41,image (42).jpg,no_tumor
42,image (43).jpg,no_tumor
43,image (44).jpg,no_tumor
44,image (45).jpg,no_tumor
45,image (46).jpg,no_tumor
46,image (47).jpg,no_tumor
47,image (48).jpg,no_tumor
48,image (49).jpg,no_tumor
49,image (5).jpg,no_tumor
50,image (50).jpg,no_tumor
51,image (51).jpg,no_tumor
52,image (52).jpg,no_tumor
53,image (53).jpg,no_tumor
54,image (54).jpg,no_tumor
55,image (55).jpg,no_tumor
56,image (56).jpg,no_tumor
57,image (57).jpg,no_tumor
58,image (58).jpg,no_tumor
59,image (59).jpg,no_tumor
60,image (6).jpg,no_tumor
61,image (60).jpg,no_tumor
62,image (61).jpg,no_tumor
63,image (62).jpg,no_tumor
64,image (63).jpg,no_tumor
65,image (64).jpg,no_tumor
66,image (7).jpg,no_tumor
67,image (8).jpg,no_tumor
68,image (9).jpg,no_tumor
69,image(1).jpg,no_tumor
70,image(10).jpg,no_tumor
71,image(100).jpg,no_tumor
72,image(101).jpg,no_tumor
73,image(102).jpg,no_tumor
74,image(103).jpg,no_tumor
75,image(104).jpg,no_tumor
76,image(105).jpg,no_tumor
77,image(106).jpg,no_tumor
78,image(107).jpg,no_tumor
79,image(108).jpg,no_tumor
80,image(11).jpg,no_tumor
81,image(110).jpg,no_tumor
82,image(111).jpg,no_tumor
83,image(112).jpg,no_tumor
84,image(113).jpg,no_tumor
85,image(114).jpg,no_tumor
86,image(115).jpg,no_tumor
87,image(116).jpg,no_tumor
88,image(117).jpg,no_tumor
89,image(118).jpg,no_tumor
90,image(119).jpg,no_tumor
91,image(12).jpg,no_tumor
92,image(120).jpg,no_tumor
93,image(121).jpg,no_tumor
94,image(122).jpg,no_tumor
95,image(123).jpg,no_tumor
96,image(124).jpg,no_tumor
97,image(125).jpg,no_tumor
98,image(126).jpg,no_tumor
99,image(127).jpg,no_tumor
100,image(128).jpg,no_tumor
101,image(129).jpg,no_tumor
102,image(13).jpg,no_tumor
103,image(130).jpg,no_tumor
104,image(131).jpg,no_tumor
105,image(132).jpg,no_tumor
106,image(133).jpg,no_tumor
107,image(134).jpg,no_tumor
108,image(135).jpg,no_tumor
109,image(136).jpg,no_tumor
110,image(137).jpg,no_tumor
111,image(138).jpg,no_tumor
112,image(139).jpg,no_tumor
113,image(14).jpg,no_tumor
114,image(140).jpg,no_tumor
115,image(141).jpg,no_tumor
116,image(142).jpg,no_tumor
117,image(143).jpg,no_tumor
118,image(144).jpg,no_tumor
119,image(145).jpg,no_tumor
120,image(146).jpg,no_tumor
121,image(147).jpg,no_tumor
122,image(148).jpg,no_tumor
123,image(149).jpg,no_tumor
124,image(15).jpg,no_tumor
125,image(150).jpg,no_tumor
126,image(151).jpg,no_tumor
127,image(152).jpg,no_tumor
128,image(153).jpg,no_tumor
129,image(154).jpg,no_tumor
130,image(155).jpg,no_tumor
131,image(156).jpg,no_tumor
132,image(157).jpg,no_tumor
133,image(158).jpg,no_tumor
134,image(159).jpg,no_tumor
135,image(16).jpg,no_tumor
136,image(160).jpg,no_tumor
137,image(161).jpg,no_tumor
138,image(162).jpg,no_tumor
139,image(163).jpg,no_tumor
140,image(164).jpg,no_tumor
141,image(165).jpg,no_tumor
142,image(166).jpg,no_tumor
143,image(167).jpg,no_tumor
144,image(168).jpg,no_tumor
145,image(169).jpg,no_tumor
146,image(17).jpg,no_tumor
147,image(170).jpg,no_tumor
148,image(171).jpg,no_tumor
149,image(172).jpg,no_tumor
150,image(173).jpg,no_tumor
151,image(174).jpg,no_tumor
152,image(175).jpg,no_tumor
153,image(176).jpg,no_tumor
154,image(177).jpg,no_tumor
155,image(178).jpg,no_tumor
156,image(179).jpg,no_tumor
157,image(18).jpg,no_tumor
158,image(180).jpg,no_tumor
159,image(181).jpg,no_tumor
160,image(182).jpg,no_tumor
161,image(183).jpg,no_tumor
162,image(184).jpg,no_tumor
163,image(185).jpg,no_tumor
164,image(186).jpg,no_tumor
165,image(187).jpg,no_tumor
166,image(188).jpg,no_tumor
167,image(189).jpg,no_tumor
168,image(19).jpg,no_tumor
169,image(190).jpg,no_tumor
170,image(191).jpg,no_tumor
171,image(192).jpg,no_tumor
172,image(193).jpg,no_tumor
173,image(194).jpg,no_tumor
174,image(195).jpg,no_tumor
175,image(196).jpg,no_tumor
176,image(197).jpg,no_tumor
177,image(198).jpg,no_tumor
178,image(199).jpg,no_tumor
179,image(2).jpg,no_tumor
180,image(20).jpg,no_tumor
181,image(200).jpg,no_tumor
182,image(201).jpg,no_tumor
183,image(202).jpg,no_tumor
184,image(203).jpg,no_tumor
185,image(204).jpg,no_tumor
186,image(205).jpg,no_tumor
187,image(206).jpg,no_tumor
188,image(207).jpg,no_tumor
189,image(208).jpg,no_tumor
190,image(209).jpg,no_tumor
191,image(21).jpg,no_tumor
192,image(210).jpg,no_tumor
193,image(211).jpg,no_tumor
194,image(212).jpg,no_tumor
195,image(213).jpg,no_tumor
196,image(214).jpg,no_tumor
197,image(215).jpg,no_tumor
198,image(216).jpg,no_tumor
199,image(217).jpg,no_tumor
200,image(218).jpg,no_tumor
201,image(219).jpg,no_tumor
202,image(22).jpg,no_tumor
203,image(220).jpg,no_tumor
204,image(221).jpg,no_tumor
205,image(222).jpg,no_tumor
206,image(223).jpg,no_tumor
207,image(224).jpg,no_tumor
208,image(225).jpg,no_tumor
209,image(226).jpg,no_tumor
210,image(227).jpg,no_tumor
211,image(228).jpg,no_tumor
212,image(229).jpg,no_tumor
213,image(23).jpg,no_tumor
214,image(230).jpg,no_tumor
215,image(231).jpg,no_tumor
216,image(232).jpg,no_tumor
217,image(233).jpg,no_tumor
218,image(234).jpg,no_tumor
219,image(235).jpg,no_tumor
220,image(236).jpg,no_tumor
221,image(237).jpg,no_tumor
222,image(238).jpg,no_tumor
223,image(239).jpg,no_tumor
224,image(24).jpg,no_tumor
225,image(240).jpg,no_tumor
226,image(241).jpg,no_tumor
227,image(242).jpg,no_tumor
228,image(243).jpg,no_tumor
229,image(244).jpg,no_tumor
230,image(245).jpg,no_tumor
231,image(246).jpg,no_tumor
232,image(247).jpg,no_tumor
233,image(248).jpg,no_tumor
234,image(249).jpg,no_tumor
235,image(25).jpg,no_tumor
236,image(250).jpg,no_tumor
237,image(251).jpg,no_tumor
238,image(252).jpg,no_tumor
239,image(253).jpg,no_tumor
240,image(254).jpg,no_tumor
241,image(255).jpg,no_tumor
242,image(256).jpg,no_tumor
243,image(257).jpg,no_tumor
244,image(258).jpg,no_tumor
245,image(259).jpg,no_tumor
246,image(26).jpg,no_tumor
247,image(260).jpg,no_tumor
248,image(261).jpg,no_tumor
249,image(262).jpg,no_tumor
250,image(263).jpg,no_tumor
251,image(264).jpg,no_tumor
252,image(265).jpg,no_tumor
253,image(266).jpg,no_tumor
254,image(267).jpg,no_tumor
255,image(268).jpg,no_tumor
256,image(269).jpg,no_tumor
257,image(27).jpg,no_tumor
258,image(270).jpg,no_tumor
259,image(271).jpg,no_tumor
260,image(272).jpg,no_tumor
261,image(273).jpg,no_tumor
262,image(274).jpg,no_tumor
263,image(275).jpg,no_tumor
264,image(276).jpg,no_tumor
265,image(277).jpg,no_tumor
266,image(278).jpg,no_tumor
267,image(279).jpg,no_tumor
268,image(28).jpg,no_tumor
269,image(280).jpg,no_tumor
270,image(281).jpg,no_tumor
271,image(282).jpg,no_tumor
272,image(283).jpg,no_tumor
273,image(284).jpg,no_tumor
274,image(285).jpg,no_tumor
275,image(286).jpg,no_tumor
276,image(287).jpg,no_tumor
277,image(288).jpg,no_tumor
278,image(289).jpg,no_tumor
279,image(29).jpg,no_tumor
280,image(290).jpg,no_tumor
281,image(291).jpg,no_tumor
282,image(292).jpg,no_tumor
283,image(293).jpg,no_tumor
284,image(294).jpg,no_tumor
285,image(295).jpg,no_tumor
286,image(296).jpg,no_tumor
287,image(297).jpg,no_tumor
288,image(298).jpg,no_tumor
289,image(299).jpg,no_tumor
290,image(3).jpg,no_tumor
291,image(30).jpg,no_tumor
292,image(300).jpg,no_tumor
293,image(301).jpg,no_tumor
294,image(302).jpg,no_tumor
295,image(303).jpg,no_tumor
296,image(304).jpg,no_tumor
297,image(305).jpg,no_tumor
298,image(306).jpg,no_tumor
299,image(307).jpg,no_tumor
300,image(308).jpg,no_tumor
301,image(309).jpg,no_tumor
302,image(31).jpg,no_tumor
303,image(310).jpg,no_tumor
304,image(311).jpg,no_tumor
305,image(312).jpg,no_tumor
306,image(313).jpg,no_tumor
307,image(314).jpg,no_tumor
308,image(315).jpg,no_tumor
309,image(316).jpg,no_tumor
310,image(317).jpg,no_tumor
311,image(318).jpg,no_tumor
312,image(319).jpg,no_tumor
313,image(32).jpg,no_tumor
314,image(320).jpg,no_tumor
315,image(321).jpg,no_tumor
316,image(322).jpg,no_tumor
317,image(323).jpg,no_tumor
318,image(324).jpg,no_tumor
319,image(325).jpg,no_tumor
320,image(326).jpg,no_tumor
321,image(327).jpg,no_tumor
322,image(33).jpg,no_tumor
323,image(34).jpg,no_tumor
324,image(35).jpg,no_tumor
325,image(36).jpg,no_tumor
326,image(37).jpg,no_tumor
327,image(38).jpg,no_tumor
328,image(39).jpg,no_tumor
329,image(4).jpg,no_tumor
330,image(40).jpg,no_tumor
331,image(41).jpg,no_tumor
332,image(42).jpg,no_tumor
333,image(43).jpg,no_tumor
334,image(44).jpg,no_tumor
335,image(45).jpg,no_tumor
336,image(46).jpg,no_tumor
337,image(47).jpg,no_tumor
338,image(48).jpg,no_tumor
339,image(49).jpg,no_tumor
340,image(5).jpg,no_tumor
341,image(50).jpg,no_tumor
342,image(51).jpg,no_tumor
343,image(52).jpg,no_tumor
344,image(53).jpg,no_tumor
345,image(54).jpg,no_tumor
346,image(55).jpg,no_tumor
347,image(56).jpg,no_tumor
348,image(57).jpg,no_tumor
349,image(58).jpg,no_tumor
350,image(59).jpg,no_tumor
351,image(6).jpg,no_tumor
352,image(60).jpg,no_tumor
353,image(61).jpg,no_tumor
354,image(62).jpg,no_tumor
355,image(63).jpg,no_tumor
356,image(64).jpg,no_tumor
357,image(65).jpg,no_tumor
358,image(66).jpg,no_tumor
359,image(67).jpg,no_tumor
360,image(68).jpg,no_tumor
361,image(69).jpg,no_tumor
362,image(7).jpg,no_tumor
363,image(70).jpg,no_tumor
364,image(71).jpg,no_tumor
365,image(72).jpg,no_tumor
366,image(73).jpg,no_tumor
367,image(74).jpg,no_tumor
368,image(75).jpg,no_tumor
369,image(76).jpg,no_tumor
370,image(77).jpg,no_tumor
371,image(78).jpg,no_tumor
372,image(79).jpg,no_tumor
373,image(8).jpg,no_tumor
374,image(80).jpg,no_tumor
375,image(81).jpg,no_tumor
376,image(82).jpg,no_tumor
377,image(83).jpg,no_tumor
378,image(84).jpg,no_tumor
379,image(85).jpg,no_tumor
380,image(86).jpg,no_tumor
381,image(87).jpg,no_tumor
382,image(88).jpg,no_tumor
383,image(89).jpg,no_tumor
384,image(9).jpg,no_tumor
385,image(90).jpg,no_tumor
386,image(91).jpg,no_tumor
387,image(92).jpg,no_tumor
388,image(93).jpg,no_tumor
389,image(94).jpg,no_tumor
390,image(95).jpg,no_tumor
391,image(96).jpg,no_tumor
392,image(98).jpg,no_tumor
393,image(99).jpg,no_tumor
394,image.jpg,no_tumor
395,p (1).jpg,pituitary_tumor
396,p (10).jpg,pituitary_tumor
397,p (100).jpg,pituitary_tumor
398,p (101).jpg,pituitary_tumor
399,p (102).jpg,pituitary_tumor
400,p (103).jpg,pituitary_tumor
401,p (104).jpg,pituitary_tumor
402,p (105).jpg,pituitary_tumor
403,p (106).jpg,pituitary_tumor
404,p (107).jpg,pituitary_tumor
405,p (108).jpg,pituitary_tumor
406,p (109).jpg,pituitary_tumor
407,p (11).jpg,pituitary_tumor
408,p (110).jpg,pituitary_tumor
409,p (111).jpg,pituitary_tumor
410,p (112).jpg,pituitary_tumor
411,p (113).jpg,pituitary_tumor
412,p (114).jpg,pituitary_tumor
413,p (115).jpg,pituitary_tumor
414,p (116).jpg,pituitary_tumor
415,p (117).jpg,pituitary_tumor
416,p (118).jpg,pituitary_tumor
417,p (119).jpg,pituitary_tumor
418,p (12).jpg,pituitary_tumor
419,p (120).jpg,pituitary_tumor
420,p (121).jpg,pituitary_tumor
421,p (122).jpg,pituitary_tumor
422,p (123).jpg,pituitary_tumor
423,p (124).jpg,pituitary_tumor
424,p (125).jpg,pituitary_tumor
425,p (126).jpg,pituitary_tumor
426,p (127).jpg,pituitary_tumor
427,p (128).jpg,pituitary_tumor
428,p (129).jpg,pituitary_tumor
429,p (13).jpg,pituitary_tumor
430,p (130).jpg,pituitary_tumor
431,p (131).jpg,pituitary_tumor
432,p (132).jpg,pituitary_tumor
433,p (133).jpg,pituitary_tumor
434,p (134).jpg,pituitary_tumor
435,p (135).jpg,pituitary_tumor
436,p (136).jpg,pituitary_tumor
437,p (137).jpg,pituitary_tumor
438,p (138).jpg,pituitary_tumor
439,p (139).jpg,pituitary_tumor
440,p (14).jpg,pituitary_tumor
441,p (140).jpg,pituitary_tumor
442,p (141).jpg,pituitary_tumor
443,p (142).jpg,pituitary_tumor
444,p (143).jpg,pituitary_tumor
445,p (144).jpg,pituitary_tumor
446,p (145).jpg,pituitary_tumor
447,p (146).jpg,pituitary_tumor
448,p (147).jpg,pituitary_tumor
449,p (148).jpg,pituitary_tumor
450,p (149).jpg,pituitary_tumor
451,p (15).jpg,pituitary_tumor
452,p (150).jpg,pituitary_tumor
453,p (151).jpg,pituitary_tumor
454,p (152).jpg,pituitary_tumor
455,p (153).jpg,pituitary_tumor
456,p (154).jpg,pituitary_tumor
457,p (155).jpg,pituitary_tumor
458,p (156).jpg,pituitary_tumor
459,p (157).jpg,pituitary_tumor
460,p (158).jpg,pituitary_tumor
461,p (159).jpg,pituitary_tumor
462,p (16).jpg,pituitary_tumor
463,p (160).jpg,pituitary_tumor
464,p (161).jpg,pituitary_tumor
465,p (162).jpg,pituitary_tumor
466,p (163).jpg,pituitary_tumor
467,p (164).jpg,pituitary_tumor
468,p (165).jpg,pituitary_tumor
469,p (166).jpg,pituitary_tumor
470,p (167).jpg,pituitary_tumor
471,p (168).jpg,pituitary_tumor
472,p (169).jpg,pituitary_tumor
473,p (17).jpg,pituitary_tumor
474,p (170).jpg,pituitary_tumor
475,p (171).jpg,pituitary_tumor
476,p (172).jpg,pituitary_tumor
477,p (173).jpg,pituitary_tumor
478,p (174).jpg,pituitary_tumor
479,p (175).jpg,pituitary_tumor
480,p (176).jpg,pituitary_tumor
481,p (177).jpg,pituitary_tumor
482,p (178).jpg,pituitary_tumor
483,p (179).jpg,pituitary_tumor
484,p (18).jpg,pituitary_tumor
485,p (180).jpg,pituitary_tumor
486,p (181).jpg,pituitary_tumor
487,p (182).jpg,pituitary_tumor
488,p (183).jpg,pituitary_tumor
489,p (184).jpg,pituitary_tumor
490,p (185).jpg,pituitary_tumor
491,p (186).jpg,pituitary_tumor
492,p (187).jpg,pituitary_tumor
493,p (188).jpg,pituitary_tumor
494,p (189).jpg,pituitary_tumor
495,p (19).jpg,pituitary_tumor
496,p (190).jpg,pituitary_tumor
497,p (191).jpg,pituitary_tumor
498,p (192).jpg,pituitary_tumor
499,p (193).jpg,pituitary_tumor
500,p (194).jpg,pituitary_tumor
501,p (195).jpg,pituitary_tumor
502,p (196).jpg,pituitary_tumor
503,p (197).jpg,pituitary_tumor
504,p (198).jpg,pituitary_tumor
505,p (199).jpg,pituitary_tumor
506,p (2).jpg,pituitary_tumor
507,p (20).jpg,pituitary_tumor
508,p (200).jpg,pituitary_tumor
509,p (201).jpg,pituitary_tumor
510,p (202).jpg,pituitary_tumor
511,p (203).jpg,pituitary_tumor
512,p (204).jpg,pituitary_tumor
513,p (205).jpg,pituitary_tumor
514,p (206).jpg,pituitary_tumor
515,p (207).jpg,pituitary_tumor
516,p (208).jpg,pituitary_tumor
517,p (209).jpg,pituitary_tumor
518,p (21).jpg,pituitary_tumor
519,p (210).jpg,pituitary_tumor
520,p (211).jpg,pituitary_tumor
521,p (212).jpg,pituitary_tumor
522,p (213).jpg,pituitary_tumor
523,p (214).jpg,pituitary_tumor
524,p (215).jpg,pituitary_tumor
525,p (216).jpg,pituitary_tumor
526,p (217).jpg,pituitary_tumor
527,p (218).jpg,pituitary_tumor
528,p (219).jpg,pituitary_tumor
529,p (22).jpg,pituitary_tumor
530,p (220).jpg,pituitary_tumor
531,p (221).jpg,pituitary_tumor
532,p (222).jpg,pituitary_tumor
533,p (223).jpg,pituitary_tumor
534,p (224).jpg,pituitary_tumor
535,p (225).jpg,pituitary_tumor
536,p (226).jpg,pituitary_tumor
537,p (227).jpg,pituitary_tumor
538,p (228).jpg,pituitary_tumor
539,p (229).jpg,pituitary_tumor
540,p (23).jpg,pituitary_tumor
541,p (230).jpg,pituitary_tumor
542,p (231).jpg,pituitary_tumor
543,p (232).jpg,pituitary_tumor
544,p (233).jpg,pituitary_tumor
545,p (234).jpg,pituitary_tumor
546,p (235).jpg,pituitary_tumor
547,p (236).jpg,pituitary_tumor
548,p (237).jpg,pituitary_tumor
549,p (238).jpg,pituitary_tumor
550,p (239).jpg,pituitary_tumor
551,p (24).jpg,pituitary_tumor
552,p (240).jpg,pituitary_tumor
553,p (241).jpg,pituitary_tumor
554,p (242).jpg,pituitary_tumor
555,p (243).jpg,pituitary_tumor
556,p (244).jpg,pituitary_tumor
557,p (245).jpg,pituitary_tumor
558,p (246).jpg,pituitary_tumor
559,p (247).jpg,pituitary_tumor
560,p (248).jpg,pituitary_tumor
561,p (249).jpg,pituitary_tumor
562,p (25).jpg,pituitary_tumor
563,p (250).jpg,pituitary_tumor
564,p (251).jpg,pituitary_tumor
565,p (252).jpg,pituitary_tumor
566,p (253).jpg,pituitary_tumor
567,p (254).jpg,pituitary_tumor
568,p (255).jpg,pituitary_tumor
569,p (256).jpg,pituitary_tumor
570,p (257).jpg,pituitary_tumor
571,p (258).jpg,pituitary_tumor
572,p (259).jpg,pituitary_tumor
573,p (26).jpg,pituitary_tumor
574,p (260).jpg,pituitary_tumor
575,p (261).jpg,pituitary_tumor
576,p (262).jpg,pituitary_tumor
577,p (263).jpg,pituitary_tumor
578,p (264).jpg,pituitary_tumor
579,p (265).jpg,pituitary_tumor
580,p (266).jpg,pituitary_tumor
581,p (267).jpg,pituitary_tumor
582,p (268).jpg,pituitary_tumor
583,p (269).jpg,pituitary_tumor
584,p (27).jpg,pituitary_tumor
585,p (270).jpg,pituitary_tumor
586,p (271).jpg,pituitary_tumor
587,p (272).jpg,pituitary_tumor
588,p (273).jpg,pituitary_tumor
589,p (274).jpg,pituitary_tumor
590,p (275).jpg,pituitary_tumor
591,p (276).jpg,pituitary_tumor
592,p (277).jpg,pituitary_tumor
593,p (278).jpg,pituitary_tumor
594,p (279).jpg,pituitary_tumor
595,p (28).jpg,pituitary_tumor
596,p (280).jpg,pituitary_tumor
597,p (281).jpg,pituitary_tumor
598,p (282).jpg,pituitary_tumor
599,p (283).jpg,pituitary_tumor
600,p (284).jpg,pituitary_tumor
601,p (285).jpg,pituitary_tumor
602,p (286).jpg,pituitary_tumor
603,p (287).jpg,pituitary_tumor
604,p (288).jpg,pituitary_tumor
605,p (289).jpg,pituitary_tumor
606,p (29).jpg,pituitary_tumor
607,p (290).jpg,pituitary_tumor
608,p (291).jpg,pituitary_tumor
609,p (292).jpg,pituitary_tumor
610,p (293).jpg,pituitary_tumor
611,p (294).jpg,pituitary_tumor
612,p (295).jpg,pituitary_tumor
613,p (296).jpg,pituitary_tumor
614,p (297).jpg,pituitary_tumor
615,p (298).jpg,pituitary_tumor
616,p (299).jpg,pituitary_tumor
617,p (3).jpg,pituitary_tumor
618,p (30).jpg,pituitary_tumor
619,p (300).jpg,pituitary_tumor
620,p (301).jpg,pituitary_tumor
621,p (302).jpg,pituitary_tumor
622,p (303).jpg,pituitary_tumor
623,p (304).jpg,pituitary_tumor
624,p (305).jpg,pituitary_tumor
625,p (306).jpg,pituitary_tumor
626,p (307).jpg,pituitary_tumor
627,p (308).jpg,pituitary_tumor
628,p (309).jpg,pituitary_tumor
629,p (31).jpg,pituitary_tumor
630,p (310).jpg,pituitary_tumor
631,p (311).jpg,pituitary_tumor
632,p (312).jpg,pituitary_tumor
633,p (313).jpg,pituitary_tumor
634,p (314).jpg,pituitary_tumor
635,p (315).jpg,pituitary_tumor
636,p (316).jpg,pituitary_tumor
637,p (317).jpg,pituitary_tumor
638,p (318).jpg,pituitary_tumor
639,p (319).jpg,pituitary_tumor
640,p (32).jpg,pituitary_tumor
641,p (320).jpg,pituitary_tumor
642,p (321).jpg,pituitary_tumor
643,p (322).jpg,pituitary_tumor
644,p (323).jpg,pituitary_tumor
645,p (324).jpg,pituitary_tumor
646,p (325).jpg,pituitary_tumor
647,p (326).jpg,pituitary_tumor
648,p (327).jpg,pituitary_tumor
649,p (328).jpg,pituitary_tumor
650,p (329).jpg,pituitary_tumor
651,p (33).jpg,pituitary_tumor
652,p (330).jpg,pituitary_tumor
653,p (331).jpg,pituitary_tumor
654,p (332).jpg,pituitary_tumor
655,p (333).jpg,pituitary_tumor
656,p (334).jpg,pituitary_tumor
657,p (335).jpg,pituitary_tumor
658,p (336).jpg,pituitary_tumor
659,p (337).jpg,pituitary_tumor
660,p (338).jpg,pituitary_tumor
661,p (339).jpg,pituitary_tumor
662,p (34).jpg,pituitary_tumor
663,p (340).jpg,pituitary_tumor
664,p (341).jpg,pituitary_tumor
665,p (342).jpg,pituitary_tumor
666,p (343).jpg,pituitary_tumor
667,p (344).jpg,pituitary_tumor
668,p (345).jpg,pituitary_tumor
669,p (346).jpg,pituitary_tumor
670,p (347).jpg,pituitary_tumor
671,p (348).jpg,pituitary_tumor
672,p (349).jpg,pituitary_tumor
673,p (35).jpg,pituitary_tumor
674,p (350).jpg,pituitary_tumor
675,p (351).jpg,pituitary_tumor
676,p (352).jpg,pituitary_tumor
677,p (353).jpg,pituitary_tumor
678,p (354).jpg,pituitary_tumor
679,p (355).jpg,pituitary_tumor
680,p (356).jpg,pituitary_tumor
681,p (357).jpg,pituitary_tumor
682,p (358).jpg,pituitary_tumor
683,p (359).jpg,pituitary_tumor
684,p (36).jpg,pituitary_tumor
685,p (360).jpg,pituitary_tumor
686,p (361).jpg,pituitary_tumor
687,p (362).jpg,pituitary_tumor
688,p (363).jpg,pituitary_tumor
689,p (364).jpg,pituitary_tumor
690,p (365).jpg,pituitary_tumor
691,p (366).jpg,pituitary_tumor
692,p (367).jpg,pituitary_tumor
693,p (368).jpg,pituitary_tumor
694,p (369).jpg,pituitary_tumor
695,p (37).jpg,pituitary_tumor
696,p (370).jpg,pituitary_tumor
697,p (371).jpg,pituitary_tumor
698,p (372).jpg,pituitary_tumor
699,p (373).jpg,pituitary_tumor
700,p (374).jpg,pituitary_tumor
701,p (375).jpg,pituitary_tumor
702,p (376).jpg,pituitary_tumor
703,p (377).jpg,pituitary_tumor
704,p (378).jpg,pituitary_tumor
705,p (379).jpg,pituitary_tumor
706,p (38).jpg,pituitary_tumor
707,p (380).jpg,pituitary_tumor
708,p (381).jpg,pituitary_tumor
709,p (382).jpg,pituitary_tumor
710,p (383).jpg,pituitary_tumor
711,p (384).jpg,pituitary_tumor
712,p (385).jpg,pituitary_tumor
713,p (386).jpg,pituitary_tumor
714,p (387).jpg,pituitary_tumor
715,p (388).jpg,pituitary_tumor
716,p (389).jpg,pituitary_tumor
717,p (39).jpg,pituitary_tumor
718,p (390).jpg,pituitary_tumor
719,p (391).jpg,pituitary_tumor
720,p (392).jpg,pituitary_tumor
721,p (393).jpg,pituitary_tumor
722,p (394).jpg,pituitary_tumor
723,p (395).jpg,pituitary_tumor
724,p (396).jpg,pituitary_tumor
725,p (397).jpg,pituitary_tumor
726,p (398).jpg,pituitary_tumor
727,p (399).jpg,pituitary_tumor
728,p (4).jpg,pituitary_tumor
729,p (40).jpg,pituitary_tumor
730,p (400).jpg,pituitary_tumor
731,p (401).jpg,pituitary_tumor
732,p (402).jpg,pituitary_tumor
733,p (403).jpg,pituitary_tumor
734,p (404).jpg,pituitary_tumor
735,p (405).jpg,pituitary_tumor
736,p (406).jpg,pituitary_tumor
737,p (407).jpg,pituitary_tumor
738,p (408).jpg,pituitary_tumor
739,p (409).jpg,pituitary_tumor
740,p (41).jpg,pituitary_tumor
741,p (410).jpg,pituitary_tumor
742,p (411).jpg,pituitary_tumor
743,p (412).jpg,pituitary_tumor
744,p (413).jpg,pituitary_tumor
745,p (414).jpg,pituitary_tumor
746,p (415).jpg,pituitary_tumor
747,p (416).jpg,pituitary_tumor
748,p (417).jpg,pituitary_tumor
749,p (418).jpg,pituitary_tumor
750,p (419).jpg,pituitary_tumor
751,p (42).jpg,pituitary_tumor
752,p (420).jpg,pituitary_tumor
753,p (421).jpg,pituitary_tumor
754,p (422).jpg,pituitary_tumor
755,p (423).jpg,pituitary_tumor
756,p (424).jpg,pituitary_tumor
757,p (425).jpg,pituitary_tumor
758,p (426).jpg,pituitary_tumor
759,p (427).jpg,pituitary_tumor
760,p (428).jpg,pituitary_tumor
761,p (429).jpg,pituitary_tumor
762,p (43).jpg,pituitary_tumor
763,p (430).jpg,pituitary_tumor
764,p (431).jpg,pituitary_tumor
765,p (432).jpg,pituitary_tumor
766,p (433).jpg,pituitary_tumor
767,p (434).jpg,pituitary_tumor
768,p (435).jpg,pituitary_tumor
769,p (436).jpg,pituitary_tumor
770,p (437).jpg,pituitary_tumor
771,p (438).jpg,pituitary_tumor
772,p (439).jpg,pituitary_tumor
773,p (44).jpg,pituitary_tumor
774,p (440).jpg,pituitary_tumor
775,p (441).jpg,pituitary_tumor
776,p (442).jpg,pituitary_tumor
777,p (443).jpg,pituitary_tumor
778,p (444).jpg,pituitary_tumor
779,p (445).jpg,pituitary_tumor
780,p (446).jpg,pituitary_tumor
781,p (447).jpg,pituitary_tumor
782,p (448).jpg,pituitary_tumor
783,p (449).jpg,pituitary_tumor
784,p (45).jpg,pituitary_tumor
785,p (450).jpg,pituitary_tumor
786,p (451).jpg,pituitary_tumor
787,p (452).jpg,pituitary_tumor
788,p (453).jpg,pituitary_tumor
789,p (454).jpg,pituitary_tumor
790,p (455).jpg,pituitary_tumor
791,p (456).jpg,pituitary_tumor
792,p (457).jpg,pituitary_tumor
793,p (458).jpg,pituitary_tumor
794,p (459).jpg,pituitary_tumor
795,p (46).jpg,pituitary_tumor
796,p (460).jpg,pituitary_tumor
797,p (461).jpg,pituitary_tumor
798,p (462).jpg,pituitary_tumor
799,p (463).jpg,pituitary_tumor
800,p (464).jpg,pituitary_tumor
801,p (465).jpg,pituitary_tumor
802,p (466).jpg,pituitary_tumor
803,p (467).jpg,pituitary_tumor
804,p (468).jpg,pituitary_tumor
805,p (469).jpg,pituitary_tumor
806,p (47).jpg,pituitary_tumor
807,p (470).jpg,pituitary_tumor
808,p (471).jpg,pituitary_tumor
809,p (472).jpg,pituitary_tumor
810,p (473).jpg,pituitary_tumor
811,p (474).jpg,pituitary_tumor
812,p (475).jpg,pituitary_tumor
813,p (476).jpg,pituitary_tumor
814,p (477).jpg,pituitary_tumor
815,p (478).jpg,pituitary_tumor
816,p (479).jpg,pituitary_tumor
817,p (48).jpg,pituitary_tumor
818,p (480).jpg,pituitary_tumor
819,p (481).jpg,pituitary_tumor
820,p (482).jpg,pituitary_tumor
821,p (483).jpg,pituitary_tumor
822,p (484).jpg,pituitary_tumor
823,p (485).jpg,pituitary_tumor
824,p (486).jpg,pituitary_tumor
825,p (487).jpg,pituitary_tumor
826,p (488).jpg,pituitary_tumor
827,p (489).jpg,pituitary_tumor
828,p (49).jpg,pituitary_tumor
829,p (490).jpg,pituitary_tumor
830,p (491).jpg,pituitary_tumor
831,p (492).jpg,pituitary_tumor
832,p (493).jpg,pituitary_tumor
833,p (494).jpg,pituitary_tumor
834,p (495).jpg,pituitary_tumor
835,p (496).jpg,pituitary_tumor
836,p (497).jpg,pituitary_tumor
837,p (498).jpg,pituitary_tumor
838,p (499).jpg,pituitary_tumor
839,p (5).jpg,pituitary_tumor
840,p (50).jpg,pituitary_tumor
841,p (500).jpg,pituitary_tumor
842,p (501).jpg,pituitary_tumor
843,p (502).jpg,pituitary_tumor
844,p (503).jpg,pituitary_tumor
845,p (504).jpg,pituitary_tumor
846,p (505).jpg,pituitary_tumor
847,p (506).jpg,pituitary_tumor
848,p (507).jpg,pituitary_tumor
849,p (508).jpg,pituitary_tumor
850,p (509).jpg,pituitary_tumor
851,p (51).jpg,pituitary_tumor
852,p (510).jpg,pituitary_tumor
853,p (511).jpg,pituitary_tumor
854,p (512).jpg,pituitary_tumor
855,p (513).jpg,pituitary_tumor
856,p (514).jpg,pituitary_tumor
857,p (515).jpg,pituitary_tumor
858,p (516).jpg,pituitary_tumor
859,p (517).jpg,pituitary_tumor
860,p (518).jpg,pituitary_tumor
861,p (519).jpg,pituitary_tumor
862,p (52).jpg,pituitary_tumor
863,p (520).jpg,pituitary_tumor
864,p (521).jpg,pituitary_tumor
865,p (522).jpg,pituitary_tumor
866,p (523).jpg,pituitary_tumor
867,p (524).jpg,pituitary_tumor
868,p (525).jpg,pituitary_tumor
869,p (526).jpg,pituitary_tumor
870,p (527).jpg,pituitary_tumor
871,p (528).jpg,pituitary_tumor
872,p (529).jpg,pituitary_tumor
873,p (53).jpg,pituitary_tumor
874,p (530).jpg,pituitary_tumor
875,p (531).jpg,pituitary_tumor
876,p (532).jpg,pituitary_tumor
877,p (533).jpg,pituitary_tumor
878,p (534).jpg,pituitary_tumor
879,p (535).jpg,pituitary_tumor
880,p (536).jpg,pituitary_tumor
881,p (537).jpg,pituitary_tumor
882,p (538).jpg,pituitary_tumor
883,p (539).jpg,pituitary_tumor
884,p (54).jpg,pituitary_tumor
885,p (540).jpg,pituitary_tumor
886,p (541).jpg,pituitary_tumor
887,p (542).jpg,pituitary_tumor
888,p (543).jpg,pituitary_tumor
889,p (544).jpg,pituitary_tumor
890,p (545).jpg,pituitary_tumor
891,p (546).jpg,pituitary_tumor
892,p (547).jpg,pituitary_tumor
893,p (548).jpg,pituitary_tumor
894,p (549).jpg,pituitary_tumor
895,p (55).jpg,pituitary_tumor
896,p (550).jpg,pituitary_tumor
897,p (551).jpg,pituitary_tumor
898,p (552).jpg,pituitary_tumor
899,p (553).jpg,pituitary_tumor
900,p (554).jpg,pituitary_tumor
901,p (555).jpg,pituitary_tumor
902,p (556).jpg,pituitary_tumor
903,p (557).jpg,pituitary_tumor
904,p (558).jpg,pituitary_tumor
905,p (559).jpg,pituitary_tumor
906,p (56).jpg,pituitary_tumor
907,p (560).jpg,pituitary_tumor
908,p (561).jpg,pituitary_tumor
909,p (562).jpg,pituitary_tumor
910,p (563).jpg,pituitary_tumor
911,p (564).jpg,pituitary_tumor
912,p (565).jpg,pituitary_tumor
913,p (566).jpg,pituitary_tumor
914,p (567).jpg,pituitary_tumor
915,p (568).jpg,pituitary_tumor
916,p (569).jpg,pituitary_tumor
917,p (57).jpg,pituitary_tumor
918,p (570).jpg,pituitary_tumor
919,p (571).jpg,pituitary_tumor
920,p (572).jpg,pituitary_tumor
921,p (573).jpg,pituitary_tumor
922,p (574).jpg,pituitary_tumor
923,p (575).jpg,pituitary_tumor
924,p (576).jpg,pituitary_tumor
925,p (577).jpg,pituitary_tumor
926,p (578).jpg,pituitary_tumor
927,p (579).jpg,pituitary_tumor
928,p (58).jpg,pituitary_tumor
929,p (580).jpg,pituitary_tumor
930,p (581).jpg,pituitary_tumor
931,p (582).jpg,pituitary_tumor
932,p (583).jpg,pituitary_tumor
933,p (584).jpg,pituitary_tumor
934,p (585).jpg,pituitary_tumor
935,p (586).jpg,pituitary_tumor
936,p (587).jpg,pituitary_tumor
937,p (588).jpg,pituitary_tumor
938,p (589).jpg,pituitary_tumor
939,p (59).jpg,pituitary_tumor
940,p (590).jpg,pituitary_tumor
941,p (591).jpg,pituitary_tumor
942,p (592).jpg,pituitary_tumor
943,p (593).jpg,pituitary_tumor
944,p (594).jpg,pituitary_tumor
945,p (595).jpg,pituitary_tumor
946,p (596).jpg,pituitary_tumor
947,p (597).jpg,pituitary_tumor
948,p (598).jpg,pituitary_tumor
949,p (599).jpg,pituitary_tumor
950,p (6).jpg,pituitary_tumor
951,p (60).jpg,pituitary_tumor
952,p (600).jpg,pituitary_tumor
953,p (601).jpg,pituitary_tumor
954,p (602).jpg,pituitary_tumor
955,p (603).jpg,pituitary_tumor
956,p (604).jpg,pituitary_tumor
957,p (605).jpg,pituitary_tumor
958,p (606).jpg,pituitary_tumor
959,p (607).jpg,pituitary_tumor
960,p (608).jpg,pituitary_tumor
961,p (609).jpg,pituitary_tumor
962,p (61).jpg,pituitary_tumor
963,p (610).jpg,pituitary_tumor
964,p (611).jpg,pituitary_tumor
965,p (612).jpg,pituitary_tumor
966,p (613).jpg,pituitary_tumor
967,p (614).jpg,pituitary_tumor
968,p (615).jpg,pituitary_tumor
969,p (616).jpg,pituitary_tumor
970,p (617).jpg,pituitary_tumor
971,p (618).jpg,pituitary_tumor
972,p (619).jpg,pituitary_tumor
973,p (62).jpg,pituitary_tumor
974,p (620).jpg,pituitary_tumor
975,p (621).jpg,pituitary_tumor
976,p (622).jpg,pituitary_tumor
977,p (623).jpg,pituitary_tumor
978,p (624).jpg,pituitary_tumor
979,p (625).jpg,pituitary_tumor
980,p (626).jpg,pituitary_tumor
981,p (627).jpg,pituitary_tumor
982,p (628).jpg,pituitary_tumor
983,p (629).jpg,pituitary_tumor
984,p (63).jpg,pituitary_tumor
985,p (630).jpg,pituitary_tumor
986,p (631).jpg,pituitary_tumor
987,p (632).jpg,pituitary_tumor
988,p (633).jpg,pituitary_tumor
989,p (634).jpg,pituitary_tumor
990,p (635).jpg,pituitary_tumor
991,p (636).jpg,pituitary_tumor
992,p (637).jpg,pituitary_tumor
993,p (638).jpg,pituitary_tumor
994,p (639).jpg,pituitary_tumor
995,p (64).jpg,pituitary_tumor
996,p (640).jpg,pituitary_tumor
997,p (641).jpg,pituitary_tumor
998,p (642).jpg,pituitary_tumor
999,p (643).jpg,pituitary_tumor
1000,p (644).jpg,pituitary_tumor
1001,p (645).jpg,pituitary_tumor
1002,p (646).jpg,pituitary_tumor
1003,p (647).jpg,pituitary_tumor
1004,p (648).jpg,pituitary_tumor
1005,p (649).jpg,pituitary_tumor
1006,p (65).jpg,pituitary_tumor
1007,p (650).jpg,pituitary_tumor
1008,p (651).jpg,pituitary_tumor
1009,p (652).jpg,pituitary_tumor
1010,p (653).jpg,pituitary_tumor
1011,p (654).jpg,pituitary_tumor
1012,p (655).jpg,pituitary_tumor
1013,p (656).jpg,pituitary_tumor
1014,p (657).jpg,pituitary_tumor
1015,p (658).jpg,pituitary_tumor
1016,p (659).jpg,pituitary_tumor
1017,p (66).jpg,pituitary_tumor
1018,p (660).jpg,pituitary_tumor
1019,p (661).jpg,pituitary_tumor
1020,p (662).jpg,pituitary_tumor
1021,p (663).jpg,pituitary_tumor
1022,p (664).jpg,pituitary_tumor
1023,p (665).jpg,pituitary_tumor
1024,p (666).jpg,pituitary_tumor
1025,p (667).jpg,pituitary_tumor
1026,p (668).jpg,pituitary_tumor
1027,p (669).jpg,pituitary_tumor
1028,p (67).jpg,pituitary_tumor
1029,p (670).jpg,pituitary_tumor
1030,p (671).jpg,pituitary_tumor
1031,p (672).jpg,pituitary_tumor
1032,p (673).jpg,pituitary_tumor
1033,p (674).jpg,pituitary_tumor
1034,p (675).jpg,pituitary_tumor
1035,p (676).jpg,pituitary_tumor
1036,p (677).jpg,pituitary_tumor
1037,p (678).jpg,pituitary_tumor
1038,p (679).jpg,pituitary_tumor
1039,p (68).jpg,pituitary_tumor
1040,p (680).jpg,pituitary_tumor
1041,p (681).jpg,pituitary_tumor
1042,p (682).jpg,pituitary_tumor
1043,p (683).jpg,pituitary_tumor
1044,p (684).jpg,pituitary_tumor
1045,p (685).jpg,pituitary_tumor
1046,p (686).jpg,pituitary_tumor
1047,p (687).jpg,pituitary_tumor
1048,p (688).jpg,pituitary_tumor
1049,p (689).jpg,pituitary_tumor
1050,p (69).jpg,pituitary_tumor
1051,p (690).jpg,pituitary_tumor
1052,p (691).jpg,pituitary_tumor
1053,p (692).jpg,pituitary_tumor
1054,p (693).jpg,pituitary_tumor
1055,p (694).jpg,pituitary_tumor
1056,p (695).jpg,pituitary_tumor
1057,p (696).jpg,pituitary_tumor
1058,p (697).jpg,pituitary_tumor
1059,p (698).jpg,pituitary_tumor
1060,p (699).jpg,pituitary_tumor
1061,p (7).jpg,pituitary_tumor
1062,p (70).jpg,pituitary_tumor
1063,p (700).jpg,pituitary_tumor
1064,p (701).jpg,pituitary_tumor
1065,p (702).jpg,pituitary_tumor
1066,p (703).jpg,pituitary_tumor
1067,p (704).jpg,pituitary_tumor
1068,p (705).jpg,pituitary_tumor
1069,p (706).jpg,pituitary_tumor
1070,p (707).jpg,pituitary_tumor
1071,p (708).jpg,pituitary_tumor
1072,p (709).jpg,pituitary_tumor
1073,p (71).jpg,pituitary_tumor
1074,p (710).jpg,pituitary_tumor
1075,p (711).jpg,pituitary_tumor
1076,p (712).jpg,pituitary_tumor
1077,p (713).jpg,pituitary_tumor
1078,p (714).jpg,pituitary_tumor
1079,p (715).jpg,pituitary_tumor
1080,p (716).jpg,pituitary_tumor
1081,p (717).jpg,pituitary_tumor
1082,p (718).jpg,pituitary_tumor
1083,p (719).jpg,pituitary_tumor
1084,p (72).jpg,pituitary_tumor
1085,p (720).jpg,pituitary_tumor
1086,p (721).jpg,pituitary_tumor
1087,p (722).jpg,pituitary_tumor
1088,p (723).jpg,pituitary_tumor
1089,p (724).jpg,pituitary_tumor
1090,p (725).jpg,pituitary_tumor
1091,p (726).jpg,pituitary_tumor
1092,p (727).jpg,pituitary_tumor
1093,p (728).jpg,pituitary_tumor
1094,p (729).jpg,pituitary_tumor
1095,p (73).jpg,pituitary_tumor
1096,p (730).jpg,pituitary_tumor
1097,p (731).jpg,pituitary_tumor
1098,p (732).jpg,pituitary_tumor
1099,p (733).jpg,pituitary_tumor
1100,p (734).jpg,pituitary_tumor
1101,p (735).jpg,pituitary_tumor
1102,p (736).jpg,pituitary_tumor
1103,p (737).jpg,pituitary_tumor
1104,p (738).jpg,pituitary_tumor
1105,p (739).jpg,pituitary_tumor
1106,p (74).jpg,pituitary_tumor
1107,p (740).jpg,pituitary_tumor
1108,p (741).jpg,pituitary_tumor
1109,p (742).jpg,pituitary_tumor
1110,p (743).jpg,pituitary_tumor
1111,p (744).jpg,pituitary_tumor
1112,p (745).jpg,pituitary_tumor
1113,p (746).jpg,pituitary_tumor
1114,p (747).jpg,pituitary_tumor
1115,p (748).jpg,pituitary_tumor
1116,p (749).jpg,pituitary_tumor
1117,p (75).jpg,pituitary_tumor
1118,p (750).jpg,pituitary_tumor
1119,p (751).jpg,pituitary_tumor
1120,p (752).jpg,pituitary_tumor
1121,p (753).jpg,pituitary_tumor
1122,p (754).jpg,pituitary_tumor
1123,p (755).jpg,pituitary_tumor
1124,p (756).jpg,pituitary_tumor
1125,p (757).jpg,pituitary_tumor
1126,p (758).jpg,pituitary_tumor
1127,p (759).jpg,pituitary_tumor
1128,p (76).jpg,pituitary_tumor
1129,p (760).jpg,pituitary_tumor
1130,p (761).jpg,pituitary_tumor
1131,p (762).jpg,pituitary_tumor
1132,p (763).jpg,pituitary_tumor
1133,p (764).jpg,pituitary_tumor
1134,p (765).jpg,pituitary_tumor
1135,p (766).jpg,pituitary_tumor
1136,p (767).jpg,pituitary_tumor
1137,p (768).jpg,pituitary_tumor
1138,p (769).jpg,pituitary_tumor
1139,p (77).jpg,pituitary_tumor
1140,p (770).jpg,pituitary_tumor
1141,p (771).jpg,pituitary_tumor
1142,p (772).jpg,pituitary_tumor
1143,p (773).jpg,pituitary_tumor
1144,p (774).jpg,pituitary_tumor
1145,p (775).jpg,pituitary_tumor
1146,p (776).jpg,pituitary_tumor
1147,p (777).jpg,pituitary_tumor
1148,p (778).jpg,pituitary_tumor
1149,p (779).jpg,pituitary_tumor
1150,p (78).jpg,pituitary_tumor
1151,p (780).jpg,pituitary_tumor
1152,p (781).jpg,pituitary_tumor
1153,p (782).jpg,pituitary_tumor
1154,p (783).jpg,pituitary_tumor
1155,p (784).jpg,pituitary_tumor
1156,p (785).jpg,pituitary_tumor
1157,p (786).jpg,pituitary_tumor
1158,p (787).jpg,pituitary_tumor
1159,p (788).jpg,pituitary_tumor
1160,p (789).jpg,pituitary_tumor
1161,p (79).jpg,pituitary_tumor
1162,p (790).jpg,pituitary_tumor
1163,p (791).jpg,pituitary_tumor
1164,p (792).jpg,pituitary_tumor
1165,p (793).jpg,pituitary_tumor
1166,p (794).jpg,pituitary_tumor
1167,p (795).jpg,pituitary_tumor
1168,p (796).jpg,pituitary_tumor
1169,p (797).jpg,pituitary_tumor
1170,p (798).jpg,pituitary_tumor
1171,p (799).jpg,pituitary_tumor
1172,p (8).jpg,pituitary_tumor
1173,p (80).jpg,pituitary_tumor
1174,p (800).jpg,pituitary_tumor
1175,p (801).jpg,pituitary_tumor
1176,p (802).jpg,pituitary_tumor
1177,p (803).jpg,pituitary_tumor
1178,p (804).jpg,pituitary_tumor
1179,p (805).jpg,pituitary_tumor
1180,p (806).jpg,pituitary_tumor
1181,p (807).jpg,pituitary_tumor
1182,p (808).jpg,pituitary_tumor
1183,p (809).jpg,pituitary_tumor
1184,p (81).jpg,pituitary_tumor
1185,p (810).jpg,pituitary_tumor
1186,p (811).jpg,pituitary_tumor
1187,p (812).jpg,pituitary_tumor
1188,p (813).jpg,pituitary_tumor
1189,p (814).jpg,pituitary_tumor
1190,p (815).jpg,pituitary_tumor
1191,p (816).jpg,pituitary_tumor
1192,p (817).jpg,pituitary_tumor
1193,p (818).jpg,pituitary_tumor
1194,p (819).jpg,pituitary_tumor
1195,p (82).jpg,pituitary_tumor
1196,p (820).jpg,pituitary_tumor
1197,p (821).jpg,pituitary_tumor
1198,p (822).jpg,pituitary_tumor
1199,p (823).jpg,pituitary_tumor
1200,p (824).jpg,pituitary_tumor
1201,p (825).jpg,pituitary_tumor
1202,p (826).jpg,pituitary_tumor
1203,p (827).jpg,pituitary_tumor
1204,p (83).jpg,pituitary_tumor
1205,p (84).jpg,pituitary_tumor
1206,p (85).jpg,pituitary_tumor
1207,p (86).jpg,pituitary_tumor
1208,p (87).jpg,pituitary_tumor
1209,p (88).jpg,pituitary_tumor
1210,p (89).jpg,pituitary_tumor
1211,p (9).jpg,pituitary_tumor
1212,p (90).jpg,pituitary_tumor
1213,p (91).jpg,pituitary_tumor
1214,p (92).jpg,pituitary_tumor
1215,p (93).jpg,pituitary_tumor
1216,p (94).jpg,pituitary_tumor
1217,p (95).jpg,pituitary_tumor
1218,p (96).jpg,pituitary_tumor
1219,p (97).jpg,pituitary_tumor
1220,p (98).jpg,pituitary_tumor
1221,p (99).jpg,pituitary_tumor
1222,m (10).jpg,meningioma_tumor
1223,m (100).jpg,meningioma_tumor
1224,m (101).jpg,meningioma_tumor
1225,m (102).jpg,meningioma_tumor
1226,m (103).jpg,meningioma_tumor
1227,m (104).jpg,meningioma_tumor
1228,m (105).jpg,meningioma_tumor
1229,m (106).jpg,meningioma_tumor
1230,m (107).jpg,meningioma_tumor
1231,m (108).jpg,meningioma_tumor
1232,m (109).jpg,meningioma_tumor
1233,m (11).jpg,meningioma_tumor
1234,m (110).jpg,meningioma_tumor
1235,m (111).jpg,meningioma_tumor
1236,m (112).jpg,meningioma_tumor
1237,m (113).jpg,meningioma_tumor
1238,m (114).jpg,meningioma_tumor
1239,m (115).jpg,meningioma_tumor
1240,m (116).jpg,meningioma_tumor
1241,m (117).jpg,meningioma_tumor
1242,m (118).jpg,meningioma_tumor
1243,m (119).jpg,meningioma_tumor
1244,m (12).jpg,meningioma_tumor
1245,m (120).jpg,meningioma_tumor
1246,m (121).jpg,meningioma_tumor
1247,m (122).jpg,meningioma_tumor
1248,m (123).jpg,meningioma_tumor
1249,m (124).jpg,meningioma_tumor
1250,m (125).jpg,meningioma_tumor
1251,m (126).jpg,meningioma_tumor
1252,m (127).jpg,meningioma_tumor
1253,m (128).jpg,meningioma_tumor
1254,m (129).jpg,meningioma_tumor
1255,m (13).jpg,meningioma_tumor
1256,m (130).jpg,meningioma_tumor
1257,m (131).jpg,meningioma_tumor
1258,m (132).jpg,meningioma_tumor
1259,m (133).jpg,meningioma_tumor
1260,m (134).jpg,meningioma_tumor
1261,m (135).jpg,meningioma_tumor
1262,m (136).jpg,meningioma_tumor
1263,m (137).jpg,meningioma_tumor
1264,m (138).jpg,meningioma_tumor
1265,m (139).jpg,meningioma_tumor
1266,m (14).jpg,meningioma_tumor
1267,m (140).jpg,meningioma_tumor
1268,m (141).jpg,meningioma_tumor
1269,m (142).jpg,meningioma_tumor
1270,m (143).jpg,meningioma_tumor
1271,m (144).jpg,meningioma_tumor
1272,m (145).jpg,meningioma_tumor
1273,m (146).jpg,meningioma_tumor
1274,m (147).jpg,meningioma_tumor
1275,m (148).jpg,meningioma_tumor
1276,m (149).jpg,meningioma_tumor
1277,m (15).jpg,meningioma_tumor
1278,m (150).jpg,meningioma_tumor
1279,m (151).jpg,meningioma_tumor
1280,m (152).jpg,meningioma_tumor
1281,m (153).jpg,meningioma_tumor
1282,m (154).jpg,meningioma_tumor
1283,m (155).jpg,meningioma_tumor
1284,m (156).jpg,meningioma_tumor
1285,m (157).jpg,meningioma_tumor
1286,m (158).jpg,meningioma_tumor
1287,m (159).jpg,meningioma_tumor
1288,m (16).jpg,meningioma_tumor
1289,m (160).jpg,meningioma_tumor
1290,m (161).jpg,meningioma_tumor
1291,m (162).jpg,meningioma_tumor
1292,m (163).jpg,meningioma_tumor
1293,m (164).jpg,meningioma_tumor
1294,m (165).jpg,meningioma_tumor
1295,m (166).jpg,meningioma_tumor
1296,m (167).jpg,meningioma_tumor
1297,m (168).jpg,meningioma_tumor
1298,m (169).jpg,meningioma_tumor
1299,m (17).jpg,meningioma_tumor
1300,m (170).jpg,meningioma_tumor
1301,m (171).jpg,meningioma_tumor
1302,m (172).jpg,meningioma_tumor
1303,m (173).jpg,meningioma_tumor
1304,m (174).jpg,meningioma_tumor
1305,m (175).jpg,meningioma_tumor
1306,m (176).jpg,meningioma_tumor
1307,m (177).jpg,meningioma_tumor
1308,m (178).jpg,meningioma_tumor
1309,m (179).jpg,meningioma_tumor
1310,m (18).jpg,meningioma_tumor
1311,m (180).jpg,meningioma_tumor
1312,m (181).jpg,meningioma_tumor
1313,m (182).jpg,meningioma_tumor
1314,m (183).jpg,meningioma_tumor
1315,m (184).jpg,meningioma_tumor
1316,m (185).jpg,meningioma_tumor
1317,m (186).jpg,meningioma_tumor
1318,m (187).jpg,meningioma_tumor
1319,m (188).jpg,meningioma_tumor
1320,m (189).jpg,meningioma_tumor
1321,m (19).jpg,meningioma_tumor
1322,m (190).jpg,meningioma_tumor
1323,m (191).jpg,meningioma_tumor
1324,m (192).jpg,meningioma_tumor
1325,m (193).jpg,meningioma_tumor
1326,m (194).jpg,meningioma_tumor
1327,m (195).jpg,meningioma_tumor
1328,m (196).jpg,meningioma_tumor
1329,m (197).jpg,meningioma_tumor
1330,m (198).jpg,meningioma_tumor
1331,m (199).jpg,meningioma_tumor
1332,m (2).jpg,meningioma_tumor
1333,m (20).jpg,meningioma_tumor
1334,m (200).jpg,meningioma_tumor
1335,m (201).jpg,meningioma_tumor
1336,m (21).jpg,meningioma_tumor
1337,m (22).jpg,meningioma_tumor
1338,m (23).jpg,meningioma_tumor
1339,m (24).jpg,meningioma_tumor
1340,m (25).jpg,meningioma_tumor
1341,m (26).jpg,meningioma_tumor
1342,m (27).jpg,meningioma_tumor
1343,m (28).jpg,meningioma_tumor
1344,m (29).jpg,meningioma_tumor
1345,m (3).jpg,meningioma_tumor
1346,m (30).jpg,meningioma_tumor
1347,m (31).jpg,meningioma_tumor
1348,m (32).jpg,meningioma_tumor
1349,m (33).jpg,meningioma_tumor
1350,m (34).jpg,meningioma_tumor
1351,m (35).jpg,meningioma_tumor
1352,m (36).jpg,meningioma_tumor
1353,m (37).jpg,meningioma_tumor
1354,m (38).jpg,meningioma_tumor
1355,m (39).jpg,meningioma_tumor
1356,m (4).jpg,meningioma_tumor
1357,m (40).jpg,meningioma_tumor
1358,m (41).jpg,meningioma_tumor
1359,m (42).jpg,meningioma_tumor
1360,m (43).jpg,meningioma_tumor
1361,m (44).jpg,meningioma_tumor
1362,m (45).jpg,meningioma_tumor
1363,m (46).jpg,meningioma_tumor
1364,m (47).jpg,meningioma_tumor
1365,m (48).jpg,meningioma_tumor
1366,m (49).jpg,meningioma_tumor
1367,m (5).jpg,meningioma_tumor
1368,m (50).jpg,meningioma_tumor
1369,m (51).jpg,meningioma_tumor
1370,m (52).jpg,meningioma_tumor
1371,m (53).jpg,meningioma_tumor
1372,m (54).jpg,meningioma_tumor
1373,m (55).jpg,meningioma_tumor
1374,m (56).jpg,meningioma_tumor
1375,m (57).jpg,meningioma_tumor
1376,m (58).jpg,meningioma_tumor
1377,m (59).jpg,meningioma_tumor
1378,m (6).jpg,meningioma_tumor
1379,m (60).jpg,meningioma_tumor
1380,m (61).jpg,meningioma_tumor
1381,m (62).jpg,meningioma_tumor
1382,m (63).jpg,meningioma_tumor
1383,m (64).jpg,meningioma_tumor
1384,m (65).jpg,meningioma_tumor
1385,m (66).jpg,meningioma_tumor
1386,m (67).jpg,meningioma_tumor
1387,m (68).jpg,meningioma_tumor
1388,m (69).jpg,meningioma_tumor
1389,m (7).jpg,meningioma_tumor
1390,m (70).jpg,meningioma_tumor
1391,m (71).jpg,meningioma_tumor
1392,m (72).jpg,meningioma_tumor
1393,m (73).jpg,meningioma_tumor
1394,m (74).jpg,meningioma_tumor
1395,m (75).jpg,meningioma_tumor
1396,m (76).jpg,meningioma_tumor
1397,m (77).jpg,meningioma_tumor
1398,m (78).jpg,meningioma_tumor
1399,m (79).jpg,meningioma_tumor
1400,m (8).jpg,meningioma_tumor
1401,m (80).jpg,meningioma_tumor
1402,m (81).jpg,meningioma_tumor
1403,m (82).jpg,meningioma_tumor
1404,m (83).jpg,meningioma_tumor
1405,m (84).jpg,meningioma_tumor
1406,m (85).jpg,meningioma_tumor
1407,m (86).jpg,meningioma_tumor
1408,m (87).jpg,meningioma_tumor
1409,m (88).jpg,meningioma_tumor
1410,m (89).jpg,meningioma_tumor
1411,m (9).jpg,meningioma_tumor
1412,m (90).jpg,meningioma_tumor
1413,m (91).jpg,meningioma_tumor
1414,m (92).jpg,meningioma_tumor
1415,m (93).jpg,meningioma_tumor
1416,m (94).jpg,meningioma_tumor
1417,m (95).jpg,meningioma_tumor
1418,m (96).jpg,meningioma_tumor
1419,m (97).jpg,meningioma_tumor
1420,m (98).jpg,meningioma_tumor
1421,m (99).jpg,meningioma_tumor
1422,m1(10).jpg,meningioma_tumor
1423,m1(100).jpg,meningioma_tumor
1424,m1(101).jpg,meningioma_tumor
1425,m1(102).jpg,meningioma_tumor
1426,m1(103).jpg,meningioma_tumor
1427,m1(104).jpg,meningioma_tumor
1428,m1(105).jpg,meningioma_tumor
1429,m1(106).jpg,meningioma_tumor
1430,m1(107).jpg,meningioma_tumor
1431,m1(108).jpg,meningioma_tumor
1432,m1(109).jpg,meningioma_tumor
1433,m1(11).jpg,meningioma_tumor
1434,m1(110).jpg,meningioma_tumor
1435,m1(111).jpg,meningioma_tumor
1436,m1(112).jpg,meningioma_tumor
1437,m1(113).jpg,meningioma_tumor
1438,m1(114).jpg,meningioma_tumor
1439,m1(116).jpg,meningioma_tumor
1440,m1(117).jpg,meningioma_tumor
1441,m1(118).jpg,meningioma_tumor
1442,m1(119).jpg,meningioma_tumor
1443,m1(12).jpg,meningioma_tumor
1444,m1(120).jpg,meningioma_tumor
1445,m1(121).jpg,meningioma_tumor
1446,m1(122).jpg,meningioma_tumor
1447,m1(123).jpg,meningioma_tumor
1448,m1(124).jpg,meningioma_tumor
1449,m1(125).jpg,meningioma_tumor
1450,m1(126).jpg,meningioma_tumor
1451,m1(127).jpg,meningioma_tumor
1452,m1(128).jpg,meningioma_tumor
1453,m1(129).jpg,meningioma_tumor
1454,m1(13).jpg,meningioma_tumor
1455,m1(130).jpg,meningioma_tumor
1456,m1(131).jpg,meningioma_tumor
1457,m1(132).jpg,meningioma_tumor
1458,m1(133).jpg,meningioma_tumor
1459,m1(134).jpg,meningioma_tumor
1460,m1(135).jpg,meningioma_tumor
1461,m1(136).jpg,meningioma_tumor
1462,m1(137).jpg,meningioma_tumor
1463,m1(138).jpg,meningioma_tumor
1464,m1(139).jpg,meningioma_tumor
1465,m1(14).jpg,meningioma_tumor
1466,m1(140).jpg,meningioma_tumor
1467,m1(141).jpg,meningioma_tumor
1468,m1(142).jpg,meningioma_tumor
1469,m1(143).jpg,meningioma_tumor
1470,m1(144).jpg,meningioma_tumor
1471,m1(145).jpg,meningioma_tumor
1472,m1(146).jpg,meningioma_tumor
1473,m1(147).jpg,meningioma_tumor
1474,m1(148).jpg,meningioma_tumor
1475,m1(149).jpg,meningioma_tumor
1476,m1(15).jpg,meningioma_tumor
1477,m1(150).jpg,meningioma_tumor
1478,m1(151).jpg,meningioma_tumor
1479,m1(152).jpg,meningioma_tumor
1480,m1(153).jpg,meningioma_tumor
1481,m1(154).jpg,meningioma_tumor
1482,m1(155).jpg,meningioma_tumor
1483,m1(156).jpg,meningioma_tumor
1484,m1(157).jpg,meningioma_tumor
1485,m1(158).jpg,meningioma_tumor
1486,m1(159).jpg,meningioma_tumor
1487,m1(16).jpg,meningioma_tumor
1488,m1(160).jpg,meningioma_tumor
1489,m1(161).jpg,meningioma_tumor
1490,m1(162).jpg,meningioma_tumor
1491,m1(163).jpg,meningioma_tumor
1492,m1(165).jpg,meningioma_tumor
1493,m1(166).jpg,meningioma_tumor
1494,m1(167).jpg,meningioma_tumor
1495,m1(168).jpg,meningioma_tumor
1496,m1(169).jpg,meningioma_tumor
1497,m1(17).jpg,meningioma_tumor
1498,m1(170).jpg,meningioma_tumor
1499,m1(171).jpg,meningioma_tumor
1500,m1(172).jpg,meningioma_tumor
1501,m1(173).jpg,meningioma_tumor
1502,m1(174).jpg,meningioma_tumor
1503,m1(175).jpg,meningioma_tumor
1504,m1(176).jpg,meningioma_tumor
1505,m1(177).jpg,meningioma_tumor
1506,m1(178).jpg,meningioma_tumor
1507,m1(179).jpg,meningioma_tumor
1508,m1(18).jpg,meningioma_tumor
1509,m1(180).jpg,meningioma_tumor
1510,m1(181).jpg,meningioma_tumor
1511,m1(182).jpg,meningioma_tumor
1512,m1(183).jpg,meningioma_tumor
1513,m1(184).jpg,meningioma_tumor
1514,m1(185).jpg,meningioma_tumor
1515,m1(186).jpg,meningioma_tumor
1516,m1(187).jpg,meningioma_tumor
1517,m1(188).jpg,meningioma_tumor
1518,m1(189).jpg,meningioma_tumor
1519,m1(19).jpg,meningioma_tumor
1520,m1(190).jpg,meningioma_tumor
1521,m1(191).jpg,meningioma_tumor
1522,m1(192).jpg,meningioma_tumor
1523,m1(193).jpg,meningioma_tumor
1524,m1(194).jpg,meningioma_tumor
1525,m1(195).jpg,meningioma_tumor
1526,m1(196).jpg,meningioma_tumor
1527,m1(197).jpg,meningioma_tumor
1528,m1(198).jpg,meningioma_tumor
1529,m1(199).jpg,meningioma_tumor
1530,m1(2).jpg,meningioma_tumor
1531,m1(20).jpg,meningioma_tumor
1532,m1(200).jpg,meningioma_tumor
1533,m1(201).jpg,meningioma_tumor
1534,m1(202).jpg,meningioma_tumor
1535,m1(21).jpg,meningioma_tumor
1536,m1(22).jpg,meningioma_tumor
1537,m1(23).jpg,meningioma_tumor
1538,m1(24).jpg,meningioma_tumor
1539,m1(25).jpg,meningioma_tumor
1540,m1(26).jpg,meningioma_tumor
1541,m1(27).jpg,meningioma_tumor
1542,m1(28).jpg,meningioma_tumor
1543,m1(29).jpg,meningioma_tumor
1544,m1(3).jpg,meningioma_tumor
1545,m1(30).jpg,meningioma_tumor
1546,m1(31).jpg,meningioma_tumor
1547,m1(32).jpg,meningioma_tumor
1548,m1(33).jpg,meningioma_tumor
1549,m1(34).jpg,meningioma_tumor
1550,m1(35).jpg,meningioma_tumor
1551,m1(36).jpg,meningioma_tumor
1552,m1(37).jpg,meningioma_tumor
1553,m1(38).jpg,meningioma_tumor
1554,m1(39).jpg,meningioma_tumor
1555,m1(4).jpg,meningioma_tumor
1556,m1(40).jpg,meningioma_tumor
1557,m1(41).jpg,meningioma_tumor
1558,m1(42).jpg,meningioma_tumor
1559,m1(43).jpg,meningioma_tumor
1560,m1(44).jpg,meningioma_tumor
1561,m1(45).jpg,meningioma_tumor
1562,m1(46).jpg,meningioma_tumor
1563,m1(47).jpg,meningioma_tumor
1564,m1(48).jpg,meningioma_tumor
1565,m1(49).jpg,meningioma_tumor
1566,m1(5).jpg,meningioma_tumor
1567,m1(50).jpg,meningioma_tumor
1568,m1(51).jpg,meningioma_tumor
1569,m1(52).jpg,meningioma_tumor
1570,m1(53).jpg,meningioma_tumor
1571,m1(54).jpg,meningioma_tumor
1572,m1(55).jpg,meningioma_tumor
1573,m1(56).jpg,meningioma_tumor
1574,m1(57).jpg,meningioma_tumor
1575,m1(58).jpg,meningioma_tumor
1576,m1(59).jpg,meningioma_tumor
1577,m1(6).jpg,meningioma_tumor
1578,m1(60).jpg,meningioma_tumor
1579,m1(61).jpg,meningioma_tumor
1580,m1(62).jpg,meningioma_tumor
1581,m1(63).jpg,meningioma_tumor
1582,m1(64).jpg,meningioma_tumor
1583,m1(65).jpg,meningioma_tumor
1584,m1(66).jpg,meningioma_tumor
1585,m1(67).jpg,meningioma_tumor
1586,m1(68).jpg,meningioma_tumor
1587,m1(69).jpg,meningioma_tumor
1588,m1(7).jpg,meningioma_tumor
1589,m1(70).jpg,meningioma_tumor
1590,m1(71).jpg,meningioma_tumor
1591,m1(72).jpg,meningioma_tumor
1592,m1(73).jpg,meningioma_tumor
1593,m1(74).jpg,meningioma_tumor
1594,m1(75).jpg,meningioma_tumor
1595,m1(76).jpg,meningioma_tumor
1596,m1(77).jpg,meningioma_tumor
1597,m1(78).jpg,meningioma_tumor
1598,m1(79).jpg,meningioma_tumor
1599,m1(8).jpg,meningioma_tumor
1600,m1(80).jpg,meningioma_tumor
1601,m1(81).jpg,meningioma_tumor
1602,m1(82).jpg,meningioma_tumor
1603,m1(83).jpg,meningioma_tumor
1604,m1(84).jpg,meningioma_tumor
1605,m1(85).jpg,meningioma_tumor
1606,m1(86).jpg,meningioma_tumor
1607,m1(87).jpg,meningioma_tumor
1608,m1(88).jpg,meningioma_tumor
1609,m1(89).jpg,meningioma_tumor
1610,m1(9).jpg,meningioma_tumor
1611,m1(90).jpg,meningioma_tumor
1612,m1(91).jpg,meningioma_tumor
1613,m1(92).jpg,meningioma_tumor
1614,m1(93).jpg,meningioma_tumor
1615,m1(94).jpg,meningioma_tumor
1616,m1(95).jpg,meningioma_tumor
1617,m1(96).jpg,meningioma_tumor
1618,m1(97).jpg,meningioma_tumor
1619,m1(98).jpg,meningioma_tumor
1620,m1(99).jpg,meningioma_tumor
1621,m2 (1).jpg,meningioma_tumor
1622,m2 (10).jpg,meningioma_tumor
1623,m2 (100).jpg,meningioma_tumor
1624,m2 (101).jpg,meningioma_tumor
1625,m2 (102).jpg,meningioma_tumor
1626,m2 (103).jpg,meningioma_tumor
1627,m2 (104).jpg,meningioma_tumor
1628,m2 (105).jpg,meningioma_tumor
1629,m2 (106).jpg,meningioma_tumor
1630,m2 (107).jpg,meningioma_tumor
1631,m2 (108).jpg,meningioma_tumor
1632,m2 (109).jpg,meningioma_tumor
1633,m2 (11).jpg,meningioma_tumor
1634,m2 (110).jpg,meningioma_tumor
1635,m2 (111).jpg,meningioma_tumor
1636,m2 (112).jpg,meningioma_tumor
1637,m2 (113).jpg,meningioma_tumor
1638,m2 (114).jpg,meningioma_tumor
1639,m2 (115).jpg,meningioma_tumor
1640,m2 (116).jpg,meningioma_tumor
1641,m2 (117).jpg,meningioma_tumor
1642,m2 (118).jpg,meningioma_tumor
1643,m2 (119).jpg,meningioma_tumor
1644,m2 (12).jpg,meningioma_tumor
1645,m2 (120).jpg,meningioma_tumor
1646,m2 (121).jpg,meningioma_tumor
1647,m2 (122).jpg,meningioma_tumor
1648,m2 (123).jpg,meningioma_tumor
1649,m2 (124).jpg,meningioma_tumor
1650,m2 (125).jpg,meningioma_tumor
1651,m2 (126).jpg,meningioma_tumor
1652,m2 (127).jpg,meningioma_tumor
1653,m2 (128).jpg,meningioma_tumor
1654,m2 (129).jpg,meningioma_tumor
1655,m2 (13).jpg,meningioma_tumor
1656,m2 (130).jpg,meningioma_tumor
1657,m2 (131).jpg,meningioma_tumor
1658,m2 (132).jpg,meningioma_tumor
1659,m2 (133).jpg,meningioma_tumor
1660,m2 (134).jpg,meningioma_tumor
1661,m2 (135).jpg,meningioma_tumor
1662,m2 (136).jpg,meningioma_tumor
1663,m2 (137).jpg,meningioma_tumor
1664,m2 (138).jpg,meningioma_tumor
1665,m2 (139).jpg,meningioma_tumor
1666,m2 (14).jpg,meningioma_tumor
1667,m2 (140).jpg,meningioma_tumor
1668,m2 (141).jpg,meningioma_tumor
1669,m2 (142).jpg,meningioma_tumor
1670,m2 (143).jpg,meningioma_tumor
1671,m2 (144).jpg,meningioma_tumor
1672,m2 (145).jpg,meningioma_tumor
1673,m2 (146).jpg,meningioma_tumor
1674,m2 (147).jpg,meningioma_tumor
1675,m2 (148).jpg,meningioma_tumor
1676,m2 (149).jpg,meningioma_tumor
1677,m2 (15).jpg,meningioma_tumor
1678,m2 (150).jpg,meningioma_tumor
1679,m2 (151).jpg,meningioma_tumor
1680,m2 (152).jpg,meningioma_tumor
1681,m2 (153).jpg,meningioma_tumor
1682,m2 (154).jpg,meningioma_tumor
1683,m2 (155).jpg,meningioma_tumor
1684,m2 (156).jpg,meningioma_tumor
1685,m2 (157).jpg,meningioma_tumor
1686,m2 (158).jpg,meningioma_tumor
1687,m2 (159).jpg,meningioma_tumor
1688,m2 (16).jpg,meningioma_tumor
1689,m2 (160).jpg,meningioma_tumor
1690,m2 (161).jpg,meningioma_tumor
1691,m2 (162).jpg,meningioma_tumor
1692,m2 (163).jpg,meningioma_tumor
1693,m2 (164).jpg,meningioma_tumor
1694,m2 (165).jpg,meningioma_tumor
1695,m2 (166).jpg,meningioma_tumor
1696,m2 (167).jpg,meningioma_tumor
1697,m2 (168).jpg,meningioma_tumor
1698,m2 (169).jpg,meningioma_tumor
1699,m2 (17).jpg,meningioma_tumor
1700,m2 (170).jpg,meningioma_tumor
1701,m2 (171).jpg,meningioma_tumor
1702,m2 (172).jpg,meningioma_tumor
1703,m2 (173).jpg,meningioma_tumor
1704,m2 (174).jpg,meningioma_tumor
1705,m2 (175).jpg,meningioma_tumor
1706,m2 (176).jpg,meningioma_tumor
1707,m2 (177).jpg,meningioma_tumor
1708,m2 (18).jpg,meningioma_tumor
1709,m2 (19).jpg,meningioma_tumor
1710,m2 (2).jpg,meningioma_tumor
1711,m2 (20).jpg,meningioma_tumor
1712,m2 (21).jpg,meningioma_tumor
1713,m2 (22).jpg,meningioma_tumor
1714,m2 (23).jpg,meningioma_tumor
1715,m2 (24).jpg,meningioma_tumor
1716,m2 (25).jpg,meningioma_tumor
1717,m2 (26).jpg,meningioma_tumor
1718,m2 (27).jpg,meningioma_tumor
1719,m2 (28).jpg,meningioma_tumor
1720,m2 (29).jpg,meningioma_tumor
1721,m2 (3).jpg,meningioma_tumor
1722,m2 (30).jpg,meningioma_tumor
1723,m2 (31).jpg,meningioma_tumor
1724,m2 (32).jpg,meningioma_tumor
1725,m2 (33).jpg,meningioma_tumor
1726,m2 (34).jpg,meningioma_tumor
1727,m2 (35).jpg,meningioma_tumor
1728,m2 (36).jpg,meningioma_tumor
1729,m2 (37).jpg,meningioma_tumor
1730,m2 (38).jpg,meningioma_tumor
1731,m2 (39).jpg,meningioma_tumor
1732,m2 (4).jpg,meningioma_tumor
1733,m2 (40).jpg,meningioma_tumor
1734,m2 (41).jpg,meningioma_tumor
1735,m2 (42).jpg,meningioma_tumor
1736,m2 (43).jpg,meningioma_tumor
1737,m2 (44).jpg,meningioma_tumor
1738,m2 (45).jpg,meningioma_tumor
1739,m2 (46).jpg,meningioma_tumor
1740,m2 (47).jpg,meningioma_tumor
1741,m2 (48).jpg,meningioma_tumor
1742,m2 (49).jpg,meningioma_tumor
1743,m2 (5).jpg,meningioma_tumor
1744,m2 (50).jpg,meningioma_tumor
1745,m2 (51).jpg,meningioma_tumor
1746,m2 (52).jpg,meningioma_tumor
1747,m2 (53).jpg,meningioma_tumor
1748,m2 (54).jpg,meningioma_tumor
1749,m2 (55).jpg,meningioma_tumor
1750,m2 (56).jpg,meningioma_tumor
1751,m2 (57).jpg,meningioma_tumor
1752,m2 (58).jpg,meningioma_tumor
1753,m2 (59).jpg,meningioma_tumor
1754,m2 (6).jpg,meningioma_tumor
1755,m2 (60).jpg,meningioma_tumor
1756,m2 (61).jpg,meningioma_tumor
1757,m2 (62).jpg,meningioma_tumor
1758,m2 (63).jpg,meningioma_tumor
1759,m2 (64).jpg,meningioma_tumor
1760,m2 (65).jpg,meningioma_tumor
1761,m2 (66).jpg,meningioma_tumor
1762,m2 (67).jpg,meningioma_tumor
1763,m2 (68).jpg,meningioma_tumor
1764,m2 (69).jpg,meningioma_tumor
1765,m2 (7).jpg,meningioma_tumor
1766,m2 (70).jpg,meningioma_tumor
1767,m2 (71).jpg,meningioma_tumor
1768,m2 (72).jpg,meningioma_tumor
1769,m2 (73).jpg,meningioma_tumor
1770,m2 (74).jpg,meningioma_tumor
1771,m2 (75).jpg,meningioma_tumor
1772,m2 (76).jpg,meningioma_tumor
1773,m2 (77).jpg,meningioma_tumor
1774,m2 (78).jpg,meningioma_tumor
1775,m2 (79).jpg,meningioma_tumor
1776,m2 (8).jpg,meningioma_tumor
1777,m2 (80).jpg,meningioma_tumor
1778,m2 (81).jpg,meningioma_tumor
1779,m2 (82).jpg,meningioma_tumor
1780,m2 (83).jpg,meningioma_tumor
1781,m2 (84).jpg,meningioma_tumor
1782,m2 (85).jpg,meningioma_tumor
1783,m2 (86).jpg,meningioma_tumor
1784,m2 (87).jpg,meningioma_tumor
1785,m2 (88).jpg,meningioma_tumor
1786,m2 (89).jpg,meningioma_tumor
1787,m2 (9).jpg,meningioma_tumor
1788,m2 (90).jpg,meningioma_tumor
1789,m2 (91).jpg,meningioma_tumor
1790,m2 (92).jpg,meningioma_tumor
1791,m2 (93).jpg,meningioma_tumor
1792,m2 (94).jpg,meningioma_tumor
1793,m2 (95).jpg,meningioma_tumor
1794,m2 (96).jpg,meningioma_tumor
1795,m2 (97).jpg,meningioma_tumor
1796,m2 (98).jpg,meningioma_tumor
1797,m2 (99).jpg,meningioma_tumor
1798,m3 (1).jpg,meningioma_tumor
1799,m3 (10).jpg,meningioma_tumor
1800,m3 (100).jpg,meningioma_tumor
1801,m3 (101).jpg,meningioma_tumor
1802,m3 (102).jpg,meningioma_tumor
1803,m3 (103).jpg,meningioma_tumor
1804,m3 (104).jpg,meningioma_tumor
1805,m3 (105).jpg,meningioma_tumor
1806,m3 (106).jpg,meningioma_tumor
1807,m3 (107).jpg,meningioma_tumor
1808,m3 (108).jpg,meningioma_tumor
1809,m3 (109).jpg,meningioma_tumor
1810,m3 (11).jpg,meningioma_tumor
1811,m3 (110).jpg,meningioma_tumor
1812,m3 (111).jpg,meningioma_tumor
1813,m3 (112).jpg,meningioma_tumor
1814,m3 (113).jpg,meningioma_tumor
1815,m3 (114).jpg,meningioma_tumor
1816,m3 (115).jpg,meningioma_tumor
1817,m3 (116).jpg,meningioma_tumor
1818,m3 (117).jpg,meningioma_tumor
1819,m3 (118).jpg,meningioma_tumor
1820,m3 (119).jpg,meningioma_tumor
1821,m3 (12).jpg,meningioma_tumor
1822,m3 (120).jpg,meningioma_tumor
1823,m3 (121).jpg,meningioma_tumor
1824,m3 (122).jpg,meningioma_tumor
1825,m3 (123).jpg,meningioma_tumor
1826,m3 (124).jpg,meningioma_tumor
1827,m3 (125).jpg,meningioma_tumor
1828,m3 (126).jpg,meningioma_tumor
1829,m3 (127).jpg,meningioma_tumor
1830,m3 (128).jpg,meningioma_tumor
1831,m3 (129).jpg,meningioma_tumor
1832,m3 (13).jpg,meningioma_tumor
1833,m3 (130).jpg,meningioma_tumor
1834,m3 (131).jpg,meningioma_tumor
1835,m3 (132).jpg,meningioma_tumor
1836,m3 (133).jpg,meningioma_tumor
1837,m3 (134).jpg,meningioma_tumor
1838,m3 (135).jpg,meningioma_tumor
1839,m3 (136).jpg,meningioma_tumor
1840,m3 (137).jpg,meningioma_tumor
1841,m3 (138).jpg,meningioma_tumor
1842,m3 (139).jpg,meningioma_tumor
1843,m3 (14).jpg,meningioma_tumor
1844,m3 (140).jpg,meningioma_tumor
1845,m3 (141).jpg,meningioma_tumor
1846,m3 (142).jpg,meningioma_tumor
1847,m3 (143).jpg,meningioma_tumor
1848,m3 (145).jpg,meningioma_tumor
1849,m3 (146).jpg,meningioma_tumor
1850,m3 (147).jpg,meningioma_tumor
1851,m3 (148).jpg,meningioma_tumor
1852,m3 (149).jpg,meningioma_tumor
1853,m3 (15).jpg,meningioma_tumor
1854,m3 (150).jpg,meningioma_tumor
1855,m3 (151).jpg,meningioma_tumor
1856,m3 (152).jpg,meningioma_tumor
1857,m3 (153).jpg,meningioma_tumor
1858,m3 (154).jpg,meningioma_tumor
1859,m3 (155).jpg,meningioma_tumor
1860,m3 (156).jpg,meningioma_tumor
1861,m3 (157).jpg,meningioma_tumor
1862,m3 (158).jpg,meningioma_tumor
1863,m3 (159).jpg,meningioma_tumor
1864,m3 (16).jpg,meningioma_tumor
1865,m3 (160).jpg,meningioma_tumor
1866,m3 (161).jpg,meningioma_tumor
1867,m3 (162).jpg,meningioma_tumor
1868,m3 (163).jpg,meningioma_tumor
1869,m3 (164).jpg,meningioma_tumor
1870,m3 (165).jpg,meningioma_tumor
1871,m3 (166).jpg,meningioma_tumor
1872,m3 (167).jpg,meningioma_tumor
1873,m3 (168).jpg,meningioma_tumor
1874,m3 (169).jpg,meningioma_tumor
1875,m3 (17).jpg,meningioma_tumor
1876,m3 (170).jpg,meningioma_tumor
1877,m3 (171).jpg,meningioma_tumor
1878,m3 (172).jpg,meningioma_tumor
1879,m3 (173).jpg,meningioma_tumor
1880,m3 (174).jpg,meningioma_tumor
1881,m3 (175).jpg,meningioma_tumor
1882,m3 (176).jpg,meningioma_tumor
1883,m3 (177).jpg,meningioma_tumor
1884,m3 (178).jpg,meningioma_tumor
1885,m3 (179).jpg,meningioma_tumor
1886,m3 (18).jpg,meningioma_tumor
1887,m3 (180).jpg,meningioma_tumor
1888,m3 (181).jpg,meningioma_tumor
1889,m3 (182).jpg,meningioma_tumor
1890,m3 (183).jpg,meningioma_tumor
1891,m3 (184).jpg,meningioma_tumor
1892,m3 (185).jpg,meningioma_tumor
1893,m3 (186).jpg,meningioma_tumor
1894,m3 (187).jpg,meningioma_tumor
1895,m3 (188).jpg,meningioma_tumor
1896,m3 (189).jpg,meningioma_tumor
1897,m3 (19).jpg,meningioma_tumor
1898,m3 (190).jpg,meningioma_tumor
1899,m3 (191).jpg,meningioma_tumor
1900,m3 (192).jpg,meningioma_tumor
1901,m3 (193).jpg,meningioma_tumor
1902,m3 (194).jpg,meningioma_tumor
1903,m3 (195).jpg,meningioma_tumor
1904,m3 (196).jpg,meningioma_tumor
1905,m3 (197).jpg,meningioma_tumor
1906,m3 (198).jpg,meningioma_tumor
1907,m3 (199).jpg,meningioma_tumor
1908,m3 (2).jpg,meningioma_tumor
1909,m3 (20).jpg,meningioma_tumor
1910,m3 (200).jpg,meningioma_tumor
1911,m3 (201).jpg,meningioma_tumor
1912,m3 (202).jpg,meningioma_tumor
1913,m3 (203).jpg,meningioma_tumor
1914,m3 (204).jpg,meningioma_tumor
1915,m3 (205).jpg,meningioma_tumor
1916,m3 (206).jpg,meningioma_tumor
1917,m3 (207).jpg,meningioma_tumor
1918,m3 (208).jpg,meningioma_tumor
1919,m3 (209).jpg,meningioma_tumor
1920,m3 (21).jpg,meningioma_tumor
1921,m3 (210).jpg,meningioma_tumor
1922,m3 (211).jpg,meningioma_tumor
1923,m3 (212).jpg,meningioma_tumor
1924,m3 (213).jpg,meningioma_tumor
1925,m3 (214).jpg,meningioma_tumor
1926,m3 (215).jpg,meningioma_tumor
1927,m3 (216).jpg,meningioma_tumor
1928,m3 (217).jpg,meningioma_tumor
1929,m3 (218).jpg,meningioma_tumor
1930,m3 (219).jpg,meningioma_tumor
1931,m3 (22).jpg,meningioma_tumor
1932,m3 (220).jpg,meningioma_tumor
1933,m3 (221).jpg,meningioma_tumor
1934,m3 (222).jpg,meningioma_tumor
1935,m3 (223).jpg,meningioma_tumor
1936,m3 (224).jpg,meningioma_tumor
1937,m3 (225).jpg,meningioma_tumor
1938,m3 (226).jpg,meningioma_tumor
1939,m3 (227).jpg,meningioma_tumor
1940,m3 (228).jpg,meningioma_tumor
1941,m3 (229).jpg,meningioma_tumor
1942,m3 (23).jpg,meningioma_tumor
1943,m3 (230).jpg,meningioma_tumor
1944,m3 (231).jpg,meningioma_tumor
1945,m3 (232).jpg,meningioma_tumor
1946,m3 (233).jpg,meningioma_tumor
1947,m3 (234).jpg,meningioma_tumor
1948,m3 (235).jpg,meningioma_tumor
1949,m3 (236).jpg,meningioma_tumor
1950,m3 (237).jpg,meningioma_tumor
1951,m3 (238).jpg,meningioma_tumor
1952,m3 (239).jpg,meningioma_tumor
1953,m3 (24).jpg,meningioma_tumor
1954,m3 (240).jpg,meningioma_tumor
1955,m3 (241).jpg,meningioma_tumor
1956,m3 (242).jpg,meningioma_tumor
1957,m3 (243).jpg,meningioma_tumor
1958,m3 (244).jpg,meningioma_tumor
1959,m3 (245).jpg,meningioma_tumor
1960,m3 (246).jpg,meningioma_tumor
1961,m3 (247).jpg,meningioma_tumor
1962,m3 (25).jpg,meningioma_tumor
1963,m3 (26).jpg,meningioma_tumor
1964,m3 (27).jpg,meningioma_tumor
1965,m3 (28).jpg,meningioma_tumor
1966,m3 (29).jpg,meningioma_tumor
1967,m3 (3).jpg,meningioma_tumor
1968,m3 (30).jpg,meningioma_tumor
1969,m3 (31).jpg,meningioma_tumor
1970,m3 (32).jpg,meningioma_tumor
1971,m3 (33).jpg,meningioma_tumor
1972,m3 (34).jpg,meningioma_tumor
1973,m3 (35).jpg,meningioma_tumor
1974,m3 (36).jpg,meningioma_tumor
1975,m3 (37).jpg,meningioma_tumor
1976,m3 (38).jpg,meningioma_tumor
1977,m3 (39).jpg,meningioma_tumor
1978,m3 (4).jpg,meningioma_tumor
1979,m3 (40).jpg,meningioma_tumor
1980,m3 (41).jpg,meningioma_tumor
1981,m3 (42).jpg,meningioma_tumor
1982,m3 (43).jpg,meningioma_tumor
1983,m3 (44).jpg,meningioma_tumor
1984,m3 (45).jpg,meningioma_tumor
1985,m3 (46).jpg,meningioma_tumor
1986,m3 (47).jpg,meningioma_tumor
1987,m3 (48).jpg,meningioma_tumor
1988,m3 (49).jpg,meningioma_tumor
1989,m3 (5).jpg,meningioma_tumor
1990,m3 (50).jpg,meningioma_tumor
1991,m3 (51).jpg,meningioma_tumor
1992,m3 (52).jpg,meningioma_tumor
1993,m3 (53).jpg,meningioma_tumor
1994,m3 (54).jpg,meningioma_tumor
1995,m3 (55).jpg,meningioma_tumor
1996,m3 (56).jpg,meningioma_tumor
1997,m3 (57).jpg,meningioma_tumor
1998,m3 (58).jpg,meningioma_tumor
1999,m3 (59).jpg,meningioma_tumor
2000,m3 (6).jpg,meningioma_tumor
2001,m3 (60).jpg,meningioma_tumor
2002,m3 (61).jpg,meningioma_tumor
2003,m3 (62).jpg,meningioma_tumor
2004,m3 (63).jpg,meningioma_tumor
2005,m3 (64).jpg,meningioma_tumor
2006,m3 (65).jpg,meningioma_tumor
2007,m3 (66).jpg,meningioma_tumor
2008,m3 (67).jpg,meningioma_tumor
2009,m3 (68).jpg,meningioma_tumor
2010,m3 (69).jpg,meningioma_tumor
2011,m3 (7).jpg,meningioma_tumor
2012,m3 (70).jpg,meningioma_tumor
2013,m3 (71).jpg,meningioma_tumor
2014,m3 (72).jpg,meningioma_tumor
2015,m3 (73).jpg,meningioma_tumor
2016,m3 (74).jpg,meningioma_tumor
2017,m3 (75).jpg,meningioma_tumor
2018,m3 (76).jpg,meningioma_tumor
2019,m3 (77).jpg,meningioma_tumor
2020,m3 (78).jpg,meningioma_tumor
2021,m3 (79).jpg,meningioma_tumor
2022,m3 (8).jpg,meningioma_tumor
2023,m3 (80).jpg,meningioma_tumor
2024,m3 (81).jpg,meningioma_tumor
2025,m3 (82).jpg,meningioma_tumor
2026,m3 (83).jpg,meningioma_tumor
2027,m3 (84).jpg,meningioma_tumor
2028,m3 (85).jpg,meningioma_tumor
2029,m3 (86).jpg,meningioma_tumor
2030,m3 (87).jpg,meningioma_tumor
2031,m3 (88).jpg,meningioma_tumor
2032,m3 (89).jpg,meningioma_tumor
2033,m3 (9).jpg,meningioma_tumor
2034,m3 (90).jpg,meningioma_tumor
2035,m3 (91).jpg,meningioma_tumor
2036,m3 (92).jpg,meningioma_tumor
2037,m3 (93).jpg,meningioma_tumor
2038,m3 (94).jpg,meningioma_tumor
2039,m3 (95).jpg,meningioma_tumor
2040,m3 (96).jpg,meningioma_tumor
2041,m3 (97).jpg,meningioma_tumor
2042,m3 (98).jpg,meningioma_tumor
2043,m3 (99).jpg,meningioma_tumor
2044,gg (1).jpg,glioma_tumor
2045,gg (10).jpg,glioma_tumor
2046,gg (100).jpg,glioma_tumor
2047,gg (101).jpg,glioma_tumor
2048,gg (102).jpg,glioma_tumor
2049,gg (103).jpg,glioma_tumor
2050,gg (104).jpg,glioma_tumor
2051,gg (105).jpg,glioma_tumor
2052,gg (106).jpg,glioma_tumor
2053,gg (107).jpg,glioma_tumor
2054,gg (108).jpg,glioma_tumor
2055,gg (109).jpg,glioma_tumor
2056,gg (11).jpg,glioma_tumor
2057,gg (110).jpg,glioma_tumor
2058,gg (111).jpg,glioma_tumor
2059,gg (112).jpg,glioma_tumor
2060,gg (113).jpg,glioma_tumor
2061,gg (114).jpg,glioma_tumor
2062,gg (115).jpg,glioma_tumor
2063,gg (116).jpg,glioma_tumor
2064,gg (117).jpg,glioma_tumor
2065,gg (118).jpg,glioma_tumor
2066,gg (119).jpg,glioma_tumor
2067,gg (12).jpg,glioma_tumor
2068,gg (120).jpg,glioma_tumor
2069,gg (121).jpg,glioma_tumor
2070,gg (122).jpg,glioma_tumor
2071,gg (123).jpg,glioma_tumor
2072,gg (124).jpg,glioma_tumor
2073,gg (125).jpg,glioma_tumor
2074,gg (126).jpg,glioma_tumor
2075,gg (127).jpg,glioma_tumor
2076,gg (128).jpg,glioma_tumor
2077,gg (129).jpg,glioma_tumor
2078,gg (13).jpg,glioma_tumor
2079,gg (130).jpg,glioma_tumor
2080,gg (131).jpg,glioma_tumor
2081,gg (132).jpg,glioma_tumor
2082,gg (133).jpg,glioma_tumor
2083,gg (134).jpg,glioma_tumor
2084,gg (135).jpg,glioma_tumor
2085,gg (136).jpg,glioma_tumor
2086,gg (137).jpg,glioma_tumor
2087,gg (138).jpg,glioma_tumor
2088,gg (139).jpg,glioma_tumor
2089,gg (14).jpg,glioma_tumor
2090,gg (140).jpg,glioma_tumor
2091,gg (141).jpg,glioma_tumor
2092,gg (142).jpg,glioma_tumor
2093,gg (143).jpg,glioma_tumor
2094,gg (144).jpg,glioma_tumor
2095,gg (145).jpg,glioma_tumor
2096,gg (146).jpg,glioma_tumor
2097,gg (147).jpg,glioma_tumor
2098,gg (148).jpg,glioma_tumor
2099,gg (149).jpg,glioma_tumor
2100,gg (15).jpg,glioma_tumor
2101,gg (150).jpg,glioma_tumor
2102,gg (151).jpg,glioma_tumor
2103,gg (152).jpg,glioma_tumor
2104,gg (153).jpg,glioma_tumor
2105,gg (154).jpg,glioma_tumor
2106,gg (155).jpg,glioma_tumor
2107,gg (156).jpg,glioma_tumor
2108,gg (157).jpg,glioma_tumor
2109,gg (158).jpg,glioma_tumor
2110,gg (159).jpg,glioma_tumor
2111,gg (16).jpg,glioma_tumor
2112,gg (160).jpg,glioma_tumor
2113,gg (161).jpg,glioma_tumor
2114,gg (162).jpg,glioma_tumor
2115,gg (163).jpg,glioma_tumor
2116,gg (164).jpg,glioma_tumor
2117,gg (165).jpg,glioma_tumor
2118,gg (166).jpg,glioma_tumor
2119,gg (167).jpg,glioma_tumor
2120,gg (168).jpg,glioma_tumor
2121,gg (169).jpg,glioma_tumor
2122,gg (17).jpg,glioma_tumor
2123,gg (170).jpg,glioma_tumor
2124,gg (171).jpg,glioma_tumor
2125,gg (172).jpg,glioma_tumor
2126,gg (173).jpg,glioma_tumor
2127,gg (174).jpg,glioma_tumor
2128,gg (175).jpg,glioma_tumor
2129,gg (176).jpg,glioma_tumor
2130,gg (177).jpg,glioma_tumor
2131,gg (178).jpg,glioma_tumor
2132,gg (179).jpg,glioma_tumor
2133,gg (18).jpg,glioma_tumor
2134,gg (180).jpg,glioma_tumor
2135,gg (181).jpg,glioma_tumor
2136,gg (182).jpg,glioma_tumor
2137,gg (183).jpg,glioma_tumor
2138,gg (184).jpg,glioma_tumor
2139,gg (185).jpg,glioma_tumor
2140,gg (186).jpg,glioma_tumor
2141,gg (187).jpg,glioma_tumor
2142,gg (188).jpg,glioma_tumor
2143,gg (189).jpg,glioma_tumor
2144,gg (19).jpg,glioma_tumor
2145,gg (190).jpg,glioma_tumor
2146,gg (191).jpg,glioma_tumor
2147,gg (192).jpg,glioma_tumor
2148,gg (193).jpg,glioma_tumor
2149,gg (194).jpg,glioma_tumor
2150,gg (195).jpg,glioma_tumor
2151,gg (196).jpg,glioma_tumor
2152,gg (197).jpg,glioma_tumor
2153,gg (198).jpg,glioma_tumor
2154,gg (199).jpg,glioma_tumor
2155,gg (2).jpg,glioma_tumor
2156,gg (20).jpg,glioma_tumor
2157,gg (200).jpg,glioma_tumor
2158,gg (201).jpg,glioma_tumor
2159,gg (202).jpg,glioma_tumor
2160,gg (203).jpg,glioma_tumor
2161,gg (204).jpg,glioma_tumor
2162,gg (205).jpg,glioma_tumor
2163,gg (206).jpg,glioma_tumor
2164,gg (207).jpg,glioma_tumor
2165,gg (208).jpg,glioma_tumor
2166,gg (209).jpg,glioma_tumor
2167,gg (21).jpg,glioma_tumor
2168,gg (210).jpg,glioma_tumor
2169,gg (211).jpg,glioma_tumor
2170,gg (212).jpg,glioma_tumor
2171,gg (213).jpg,glioma_tumor
2172,gg (214).jpg,glioma_tumor
2173,gg (215).jpg,glioma_tumor
2174,gg (216).jpg,glioma_tumor
2175,gg (217).jpg,glioma_tumor
2176,gg (218).jpg,glioma_tumor
2177,gg (219).jpg,glioma_tumor
2178,gg (22).jpg,glioma_tumor
2179,gg (220).jpg,glioma_tumor
2180,gg (221).jpg,glioma_tumor
2181,gg (222).jpg,glioma_tumor
2182,gg (223).jpg,glioma_tumor
2183,gg (224).jpg,glioma_tumor
2184,gg (225).jpg,glioma_tumor
2185,gg (226).jpg,glioma_tumor
2186,gg (227).jpg,glioma_tumor
2187,gg (228).jpg,glioma_tumor
2188,gg (229).jpg,glioma_tumor
2189,gg (23).jpg,glioma_tumor
2190,gg (230).jpg,glioma_tumor
2191,gg (231).jpg,glioma_tumor
2192,gg (232).jpg,glioma_tumor
2193,gg (233).jpg,glioma_tumor
2194,gg (234).jpg,glioma_tumor
2195,gg (235).jpg,glioma_tumor
2196,gg (236).jpg,glioma_tumor
2197,gg (237).jpg,glioma_tumor
2198,gg (238).jpg,glioma_tumor
2199,gg (239).jpg,glioma_tumor
2200,gg (24).jpg,glioma_tumor
2201,gg (240).jpg,glioma_tumor
2202,gg (241).jpg,glioma_tumor
2203,gg (242).jpg,glioma_tumor
2204,gg (243).jpg,glioma_tumor
2205,gg (244).jpg,glioma_tumor
2206,gg (245).jpg,glioma_tumor
2207,gg (246).jpg,glioma_tumor
2208,gg (247).jpg,glioma_tumor
2209,gg (248).jpg,glioma_tumor
2210,gg (249).jpg,glioma_tumor
2211,gg (25).jpg,glioma_tumor
2212,gg (250).jpg,glioma_tumor
2213,gg (251).jpg,glioma_tumor
2214,gg (252).jpg,glioma_tumor
2215,gg (253).jpg,glioma_tumor
2216,gg (254).jpg,glioma_tumor
2217,gg (255).jpg,glioma_tumor
2218,gg (256).jpg,glioma_tumor
2219,gg (257).jpg,glioma_tumor
2220,gg (258).jpg,glioma_tumor
2221,gg (259).jpg,glioma_tumor
2222,gg (26).jpg,glioma_tumor
2223,gg (260).jpg,glioma_tumor
2224,gg (261).jpg,glioma_tumor
2225,gg (262).jpg,glioma_tumor
2226,gg (263).jpg,glioma_tumor
2227,gg (264).jpg,glioma_tumor
2228,gg (265).jpg,glioma_tumor
2229,gg (266).jpg,glioma_tumor
2230,gg (267).jpg,glioma_tumor
2231,gg (268).jpg,glioma_tumor
2232,gg (269).jpg,glioma_tumor
2233,gg (27).jpg,glioma_tumor
2234,gg (270).jpg,glioma_tumor
2235,gg (271).jpg,glioma_tumor
2236,gg (272).jpg,glioma_tumor
2237,gg (273).jpg,glioma_tumor
2238,gg (274).jpg,glioma_tumor
2239,gg (275).jpg,glioma_tumor
2240,gg (276).jpg,glioma_tumor
2241,gg (277).jpg,glioma_tumor
2242,gg (278).jpg,glioma_tumor
2243,gg (279).jpg,glioma_tumor
2244,gg (28).jpg,glioma_tumor
2245,gg (280).jpg,glioma_tumor
2246,gg (281).jpg,glioma_tumor
2247,gg (282).jpg,glioma_tumor
2248,gg (283).jpg,glioma_tumor
2249,gg (284).jpg,glioma_tumor
2250,gg (285).jpg,glioma_tumor
2251,gg (286).jpg,glioma_tumor
2252,gg (287).jpg,glioma_tumor
2253,gg (288).jpg,glioma_tumor
2254,gg (289).jpg,glioma_tumor
2255,gg (29).jpg,glioma_tumor
2256,gg (290).jpg,glioma_tumor
2257,gg (291).jpg,glioma_tumor
2258,gg (292).jpg,glioma_tumor
2259,gg (293).jpg,glioma_tumor
2260,gg (294).jpg,glioma_tumor
2261,gg (295).jpg,glioma_tumor
2262,gg (296).jpg,glioma_tumor
2263,gg (297).jpg,glioma_tumor
2264,gg (298).jpg,glioma_tumor
2265,gg (299).jpg,glioma_tumor
2266,gg (3).jpg,glioma_tumor
2267,gg (30).jpg,glioma_tumor
2268,gg (300).jpg,glioma_tumor
2269,gg (301).jpg,glioma_tumor
2270,gg (302).jpg,glioma_tumor
2271,gg (303).jpg,glioma_tumor
2272,gg (304).jpg,glioma_tumor
2273,gg (305).jpg,glioma_tumor
2274,gg (306).jpg,glioma_tumor
2275,gg (307).jpg,glioma_tumor
2276,gg (308).jpg,glioma_tumor
2277,gg (309).jpg,glioma_tumor
2278,gg (31).jpg,glioma_tumor
2279,gg (310).jpg,glioma_tumor
2280,gg (311).jpg,glioma_tumor
2281,gg (312).jpg,glioma_tumor
2282,gg (313).jpg,glioma_tumor
2283,gg (314).jpg,glioma_tumor
2284,gg (315).jpg,glioma_tumor
2285,gg (316).jpg,glioma_tumor
2286,gg (317).jpg,glioma_tumor
2287,gg (318).jpg,glioma_tumor
2288,gg (319).jpg,glioma_tumor
2289,gg (32).jpg,glioma_tumor
2290,gg (320).jpg,glioma_tumor
2291,gg (321).jpg,glioma_tumor
2292,gg (322).jpg,glioma_tumor
2293,gg (323).jpg,glioma_tumor
2294,gg (324).jpg,glioma_tumor
2295,gg (325).jpg,glioma_tumor
2296,gg (326).jpg,glioma_tumor
2297,gg (327).jpg,glioma_tumor
2298,gg (328).jpg,glioma_tumor
2299,gg (329).jpg,glioma_tumor
2300,gg (33).jpg,glioma_tumor
2301,gg (330).jpg,glioma_tumor
2302,gg (331).jpg,glioma_tumor
2303,gg (332).jpg,glioma_tumor
2304,gg (333).jpg,glioma_tumor
2305,gg (334).jpg,glioma_tumor
2306,gg (335).jpg,glioma_tumor
2307,gg (336).jpg,glioma_tumor
2308,gg (337).jpg,glioma_tumor
2309,gg (338).jpg,glioma_tumor
2310,gg (339).jpg,glioma_tumor
2311,gg (34).jpg,glioma_tumor
2312,gg (340).jpg,glioma_tumor
2313,gg (341).jpg,glioma_tumor
2314,gg (342).jpg,glioma_tumor
2315,gg (343).jpg,glioma_tumor
2316,gg (344).jpg,glioma_tumor
2317,gg (345).jpg,glioma_tumor
2318,gg (346).jpg,glioma_tumor
2319,gg (347).jpg,glioma_tumor
2320,gg (348).jpg,glioma_tumor
2321,gg (349).jpg,glioma_tumor
2322,gg (35).jpg,glioma_tumor
2323,gg (350).jpg,glioma_tumor
2324,gg (351).jpg,glioma_tumor
2325,gg (352).jpg,glioma_tumor
2326,gg (353).jpg,glioma_tumor
2327,gg (354).jpg,glioma_tumor
2328,gg (355).jpg,glioma_tumor
2329,gg (356).jpg,glioma_tumor
2330,gg (357).jpg,glioma_tumor
2331,gg (358).jpg,glioma_tumor
2332,gg (359).jpg,glioma_tumor
2333,gg (36).jpg,glioma_tumor
2334,gg (360).jpg,glioma_tumor
2335,gg (361).jpg,glioma_tumor
2336,gg (362).jpg,glioma_tumor
2337,gg (363).jpg,glioma_tumor
2338,gg (364).jpg,glioma_tumor
2339,gg (365).jpg,glioma_tumor
2340,gg (366).jpg,glioma_tumor
2341,gg (367).jpg,glioma_tumor
2342,gg (368).jpg,glioma_tumor
2343,gg (369).jpg,glioma_tumor
2344,gg (37).jpg,glioma_tumor
2345,gg (370).jpg,glioma_tumor
2346,gg (371).jpg,glioma_tumor
2347,gg (372).jpg,glioma_tumor
2348,gg (373).jpg,glioma_tumor
2349,gg (374).jpg,glioma_tumor
2350,gg (375).jpg,glioma_tumor
2351,gg (376).jpg,glioma_tumor
2352,gg (377).jpg,glioma_tumor
2353,gg (378).jpg,glioma_tumor
2354,gg (379).jpg,glioma_tumor
2355,gg (38).jpg,glioma_tumor
2356,gg (380).jpg,glioma_tumor
2357,gg (381).jpg,glioma_tumor
2358,gg (382).jpg,glioma_tumor
2359,gg (383).jpg,glioma_tumor
2360,gg (384).jpg,glioma_tumor
2361,gg (385).jpg,glioma_tumor
2362,gg (386).jpg,glioma_tumor
2363,gg (387).jpg,glioma_tumor
2364,gg (388).jpg,glioma_tumor
2365,gg (389).jpg,glioma_tumor
2366,gg (39).jpg,glioma_tumor
2367,gg (390).jpg,glioma_tumor
2368,gg (391).jpg,glioma_tumor
2369,gg (392).jpg,glioma_tumor
2370,gg (393).jpg,glioma_tumor
2371,gg (394).jpg,glioma_tumor
2372,gg (395).jpg,glioma_tumor
2373,gg (396).jpg,glioma_tumor
2374,gg (397).jpg,glioma_tumor
2375,gg (398).jpg,glioma_tumor
2376,gg (399).jpg,glioma_tumor
2377,gg (4).jpg,glioma_tumor
2378,gg (40).jpg,glioma_tumor
2379,gg (400).jpg,glioma_tumor
2380,gg (401).jpg,glioma_tumor
2381,gg (402).jpg,glioma_tumor
2382,gg (403).jpg,glioma_tumor
2383,gg (404).jpg,glioma_tumor
2384,gg (405).jpg,glioma_tumor
2385,gg (406).jpg,glioma_tumor
2386,gg (407).jpg,glioma_tumor
2387,gg (408).jpg,glioma_tumor
2388,gg (409).jpg,glioma_tumor
2389,gg (41).jpg,glioma_tumor
2390,gg (410).jpg,glioma_tumor
2391,gg (411).jpg,glioma_tumor
2392,gg (412).jpg,glioma_tumor
2393,gg (413).jpg,glioma_tumor
2394,gg (414).jpg,glioma_tumor
2395,gg (415).jpg,glioma_tumor
2396,gg (416).jpg,glioma_tumor
2397,gg (417).jpg,glioma_tumor
2398,gg (418).jpg,glioma_tumor
2399,gg (419).jpg,glioma_tumor
2400,gg (42).jpg,glioma_tumor
2401,gg (420).jpg,glioma_tumor
2402,gg (421).jpg,glioma_tumor
2403,gg (422).jpg,glioma_tumor
2404,gg (423).jpg,glioma_tumor
2405,gg (424).jpg,glioma_tumor
2406,gg (425).jpg,glioma_tumor
2407,gg (426).jpg,glioma_tumor
2408,gg (427).jpg,glioma_tumor
2409,gg (428).jpg,glioma_tumor
2410,gg (429).jpg,glioma_tumor
2411,gg (43).jpg,glioma_tumor
2412,gg (430).jpg,glioma_tumor
2413,gg (431).jpg,glioma_tumor
2414,gg (432).jpg,glioma_tumor
2415,gg (433).jpg,glioma_tumor
2416,gg (434).jpg,glioma_tumor
2417,gg (435).jpg,glioma_tumor
2418,gg (436).jpg,glioma_tumor
2419,gg (437).jpg,glioma_tumor
2420,gg (438).jpg,glioma_tumor
2421,gg (439).jpg,glioma_tumor
2422,gg (44).jpg,glioma_tumor
2423,gg (440).jpg,glioma_tumor
2424,gg (441).jpg,glioma_tumor
2425,gg (442).jpg,glioma_tumor
2426,gg (443).jpg,glioma_tumor
2427,gg (444).jpg,glioma_tumor
2428,gg (445).jpg,glioma_tumor
2429,gg (446).jpg,glioma_tumor
2430,gg (447).jpg,glioma_tumor
2431,gg (448).jpg,glioma_tumor
2432,gg (449).jpg,glioma_tumor
2433,gg (45).jpg,glioma_tumor
2434,gg (450).jpg,glioma_tumor
2435,gg (451).jpg,glioma_tumor
2436,gg (452).jpg,glioma_tumor
2437,gg (453).jpg,glioma_tumor
2438,gg (454).jpg,glioma_tumor
2439,gg (455).jpg,glioma_tumor
2440,gg (456).jpg,glioma_tumor
2441,gg (457).jpg,glioma_tumor
2442,gg (458).jpg,glioma_tumor
2443,gg (459).jpg,glioma_tumor
2444,gg (46).jpg,glioma_tumor
2445,gg (460).jpg,glioma_tumor
2446,gg (461).jpg,glioma_tumor
2447,gg (462).jpg,glioma_tumor
2448,gg (463).jpg,glioma_tumor
2449,gg (464).jpg,glioma_tumor
2450,gg (465).jpg,glioma_tumor
2451,gg (466).jpg,glioma_tumor
2452,gg (467).jpg,glioma_tumor
2453,gg (468).jpg,glioma_tumor
2454,gg (469).jpg,glioma_tumor
2455,gg (47).jpg,glioma_tumor
2456,gg (470).jpg,glioma_tumor
2457,gg (471).jpg,glioma_tumor
2458,gg (472).jpg,glioma_tumor
2459,gg (473).jpg,glioma_tumor
2460,gg (474).jpg,glioma_tumor
2461,gg (475).jpg,glioma_tumor
2462,gg (476).jpg,glioma_tumor
2463,gg (477).jpg,glioma_tumor
2464,gg (478).jpg,glioma_tumor
2465,gg (479).jpg,glioma_tumor
2466,gg (48).jpg,glioma_tumor
2467,gg (480).jpg,glioma_tumor
2468,gg (481).jpg,glioma_tumor
2469,gg (482).jpg,glioma_tumor
2470,gg (483).jpg,glioma_tumor
2471,gg (484).jpg,glioma_tumor
2472,gg (485).jpg,glioma_tumor
2473,gg (486).jpg,glioma_tumor
2474,gg (487).jpg,glioma_tumor
2475,gg (488).jpg,glioma_tumor
2476,gg (489).jpg,glioma_tumor
2477,gg (49).jpg,glioma_tumor
2478,gg (490).jpg,glioma_tumor
2479,gg (491).jpg,glioma_tumor
2480,gg (492).jpg,glioma_tumor
2481,gg (493).jpg,glioma_tumor
2482,gg (494).jpg,glioma_tumor
2483,gg (495).jpg,glioma_tumor
2484,gg (496).jpg,glioma_tumor
2485,gg (497).jpg,glioma_tumor
2486,gg (498).jpg,glioma_tumor
2487,gg (499).jpg,glioma_tumor
2488,gg (5).jpg,glioma_tumor
2489,gg (50).jpg,glioma_tumor
2490,gg (500).jpg,glioma_tumor
2491,gg (501).jpg,glioma_tumor
2492,gg (502).jpg,glioma_tumor
2493,gg (503).jpg,glioma_tumor
2494,gg (504).jpg,glioma_tumor
2495,gg (505).jpg,glioma_tumor
2496,gg (506).jpg,glioma_tumor
2497,gg (507).jpg,glioma_tumor
2498,gg (508).jpg,glioma_tumor
2499,gg (509).jpg,glioma_tumor
2500,gg (51).jpg,glioma_tumor
2501,gg (510).jpg,glioma_tumor
2502,gg (511).jpg,glioma_tumor
2503,gg (512).jpg,glioma_tumor
2504,gg (513).jpg,glioma_tumor
2505,gg (514).jpg,glioma_tumor
2506,gg (515).jpg,glioma_tumor
2507,gg (516).jpg,glioma_tumor
2508,gg (517).jpg,glioma_tumor
2509,gg (518).jpg,glioma_tumor
2510,gg (519).jpg,glioma_tumor
2511,gg (52).jpg,glioma_tumor
2512,gg (520).jpg,glioma_tumor
2513,gg (521).jpg,glioma_tumor
2514,gg (522).jpg,glioma_tumor
2515,gg (523).jpg,glioma_tumor
2516,gg (524).jpg,glioma_tumor
2517,gg (525).jpg,glioma_tumor
2518,gg (526).jpg,glioma_tumor
2519,gg (527).jpg,glioma_tumor
2520,gg (528).jpg,glioma_tumor
2521,gg (529).jpg,glioma_tumor
2522,gg (53).jpg,glioma_tumor
2523,gg (530).jpg,glioma_tumor
2524,gg (531).jpg,glioma_tumor
2525,gg (532).jpg,glioma_tumor
2526,gg (533).jpg,glioma_tumor
2527,gg (534).jpg,glioma_tumor
2528,gg (535).jpg,glioma_tumor
2529,gg (536).jpg,glioma_tumor
2530,gg (537).jpg,glioma_tumor
2531,gg (538).jpg,glioma_tumor
2532,gg (539).jpg,glioma_tumor
2533,gg (54).jpg,glioma_tumor
2534,gg (540).jpg,glioma_tumor
2535,gg (541).jpg,glioma_tumor
2536,gg (542).jpg,glioma_tumor
2537,gg (543).jpg,glioma_tumor
2538,gg (544).jpg,glioma_tumor
2539,gg (545).jpg,glioma_tumor
2540,gg (546).jpg,glioma_tumor
2541,gg (547).jpg,glioma_tumor
2542,gg (548).jpg,glioma_tumor
2543,gg (549).jpg,glioma_tumor
2544,gg (55).jpg,glioma_tumor
2545,gg (550).jpg,glioma_tumor
2546,gg (551).jpg,glioma_tumor
2547,gg (552).jpg,glioma_tumor
2548,gg (553).jpg,glioma_tumor
2549,gg (554).jpg,glioma_tumor
2550,gg (555).jpg,glioma_tumor
2551,gg (556).jpg,glioma_tumor
2552,gg (557).jpg,glioma_tumor
2553,gg (558).jpg,glioma_tumor
2554,gg (559).jpg,glioma_tumor
2555,gg (56).jpg,glioma_tumor
2556,gg (560).jpg,glioma_tumor
2557,gg (561).jpg,glioma_tumor
2558,gg (562).jpg,glioma_tumor
2559,gg (563).jpg,glioma_tumor
2560,gg (564).jpg,glioma_tumor
2561,gg (565).jpg,glioma_tumor
2562,gg (566).jpg,glioma_tumor
2563,gg (567).jpg,glioma_tumor
2564,gg (568).jpg,glioma_tumor
2565,gg (569).jpg,glioma_tumor
2566,gg (57).jpg,glioma_tumor
2567,gg (570).jpg,glioma_tumor
2568,gg (571).jpg,glioma_tumor
2569,gg (572).jpg,glioma_tumor
2570,gg (573).jpg,glioma_tumor
2571,gg (574).jpg,glioma_tumor
2572,gg (575).jpg,glioma_tumor
2573,gg (576).jpg,glioma_tumor
2574,gg (577).jpg,glioma_tumor
2575,gg (578).jpg,glioma_tumor
2576,gg (579).jpg,glioma_tumor
2577,gg (58).jpg,glioma_tumor
2578,gg (580).jpg,glioma_tumor
2579,gg (581).jpg,glioma_tumor
2580,gg (582).jpg,glioma_tumor
2581,gg (583).jpg,glioma_tumor
2582,gg (584).jpg,glioma_tumor
2583,gg (585).jpg,glioma_tumor
2584,gg (586).jpg,glioma_tumor
2585,gg (587).jpg,glioma_tumor
2586,gg (588).jpg,glioma_tumor
2587,gg (589).jpg,glioma_tumor
2588,gg (59).jpg,glioma_tumor
2589,gg (590).jpg,glioma_tumor
2590,gg (591).jpg,glioma_tumor
2591,gg (592).jpg,glioma_tumor
2592,gg (593).jpg,glioma_tumor
2593,gg (594).jpg,glioma_tumor
2594,gg (595).jpg,glioma_tumor
2595,gg (596).jpg,glioma_tumor
2596,gg (597).jpg,glioma_tumor
2597,gg (598).jpg,glioma_tumor
2598,gg (599).jpg,glioma_tumor
2599,gg (6).jpg,glioma_tumor
2600,gg (60).jpg,glioma_tumor
2601,gg (600).jpg,glioma_tumor
2602,gg (601).jpg,glioma_tumor
2603,gg (602).jpg,glioma_tumor
2604,gg (603).jpg,glioma_tumor
2605,gg (604).jpg,glioma_tumor
2606,gg (605).jpg,glioma_tumor
2607,gg (606).jpg,glioma_tumor
2608,gg (607).jpg,glioma_tumor
2609,gg (608).jpg,glioma_tumor
2610,gg (609).jpg,glioma_tumor
2611,gg (61).jpg,glioma_tumor
2612,gg (610).jpg,glioma_tumor
2613,gg (611).jpg,glioma_tumor
2614,gg (612).jpg,glioma_tumor
2615,gg (613).jpg,glioma_tumor
2616,gg (614).jpg,glioma_tumor
2617,gg (615).jpg,glioma_tumor
2618,gg (616).jpg,glioma_tumor
2619,gg (617).jpg,glioma_tumor
2620,gg (618).jpg,glioma_tumor
2621,gg (619).jpg,glioma_tumor
2622,gg (62).jpg,glioma_tumor
2623,gg (620).jpg,glioma_tumor
2624,gg (621).jpg,glioma_tumor
2625,gg (622).jpg,glioma_tumor
2626,gg (623).jpg,glioma_tumor
2627,gg (624).jpg,glioma_tumor
2628,gg (625).jpg,glioma_tumor
2629,gg (626).jpg,glioma_tumor
2630,gg (627).jpg,glioma_tumor
2631,gg (628).jpg,glioma_tumor
2632,gg (629).jpg,glioma_tumor
2633,gg (63).jpg,glioma_tumor
2634,gg (630).jpg,glioma_tumor
2635,gg (631).jpg,glioma_tumor
2636,gg (632).jpg,glioma_tumor
2637,gg (633).jpg,glioma_tumor
2638,gg (634).jpg,glioma_tumor
2639,gg (635).jpg,glioma_tumor
2640,gg (636).jpg,glioma_tumor
2641,gg (637).jpg,glioma_tumor
2642,gg (638).jpg,glioma_tumor
2643,gg (639).jpg,glioma_tumor
2644,gg (64).jpg,glioma_tumor
2645,gg (640).jpg,glioma_tumor
2646,gg (641).jpg,glioma_tumor
2647,gg (642).jpg,glioma_tumor
2648,gg (643).jpg,glioma_tumor
2649,gg (644).jpg,glioma_tumor
2650,gg (645).jpg,glioma_tumor
2651,gg (646).jpg,glioma_tumor
2652,gg (647).jpg,glioma_tumor
2653,gg (648).jpg,glioma_tumor
2654,gg (649).jpg,glioma_tumor
2655,gg (65).jpg,glioma_tumor
2656,gg (650).jpg,glioma_tumor
2657,gg (651).jpg,glioma_tumor
2658,gg (652).jpg,glioma_tumor
2659,gg (653).jpg,glioma_tumor
2660,gg (654).jpg,glioma_tumor
2661,gg (655).jpg,glioma_tumor
2662,gg (656).jpg,glioma_tumor
2663,gg (657).jpg,glioma_tumor
2664,gg (658).jpg,glioma_tumor
2665,gg (659).jpg,glioma_tumor
2666,gg (66).jpg,glioma_tumor
2667,gg (660).jpg,glioma_tumor
2668,gg (661).jpg,glioma_tumor
2669,gg (662).jpg,glioma_tumor
2670,gg (663).jpg,glioma_tumor
2671,gg (664).jpg,glioma_tumor
2672,gg (665).jpg,glioma_tumor
2673,gg (666).jpg,glioma_tumor
2674,gg (667).jpg,glioma_tumor
2675,gg (668).jpg,glioma_tumor
2676,gg (669).jpg,glioma_tumor
2677,gg (67).jpg,glioma_tumor
2678,gg (670).jpg,glioma_tumor
2679,gg (671).jpg,glioma_tumor
2680,gg (672).jpg,glioma_tumor
2681,gg (673).jpg,glioma_tumor
2682,gg (674).jpg,glioma_tumor
2683,gg (675).jpg,glioma_tumor
2684,gg (676).jpg,glioma_tumor
2685,gg (677).jpg,glioma_tumor
2686,gg (678).jpg,glioma_tumor
2687,gg (679).jpg,glioma_tumor
2688,gg (68).jpg,glioma_tumor
2689,gg (680).jpg,glioma_tumor
2690,gg (681).jpg,glioma_tumor
2691,gg (682).jpg,glioma_tumor
2692,gg (683).jpg,glioma_tumor
2693,gg (684).jpg,glioma_tumor
2694,gg (685).jpg,glioma_tumor
2695,gg (686).jpg,glioma_tumor
2696,gg (687).jpg,glioma_tumor
2697,gg (688).jpg,glioma_tumor
2698,gg (689).jpg,glioma_tumor
2699,gg (69).jpg,glioma_tumor
2700,gg (690).jpg,glioma_tumor
2701,gg (691).jpg,glioma_tumor
2702,gg (692).jpg,glioma_tumor
2703,gg (693).jpg,glioma_tumor
2704,gg (694).jpg,glioma_tumor
2705,gg (695).jpg,glioma_tumor
2706,gg (696).jpg,glioma_tumor
2707,gg (697).jpg,glioma_tumor
2708,gg (698).jpg,glioma_tumor
2709,gg (699).jpg,glioma_tumor
2710,gg (7).jpg,glioma_tumor
2711,gg (70).jpg,glioma_tumor
2712,gg (700).jpg,glioma_tumor
2713,gg (701).jpg,glioma_tumor
2714,gg (702).jpg,glioma_tumor
2715,gg (703).jpg,glioma_tumor
2716,gg (704).jpg,glioma_tumor
2717,gg (705).jpg,glioma_tumor
2718,gg (706).jpg,glioma_tumor
2719,gg (707).jpg,glioma_tumor
2720,gg (708).jpg,glioma_tumor
2721,gg (709).jpg,glioma_tumor
2722,gg (71).jpg,glioma_tumor
2723,gg (710).jpg,glioma_tumor
2724,gg (711).jpg,glioma_tumor
2725,gg (712).jpg,glioma_tumor
2726,gg (713).jpg,glioma_tumor
2727,gg (714).jpg,glioma_tumor
2728,gg (715).jpg,glioma_tumor
2729,gg (716).jpg,glioma_tumor
2730,gg (717).jpg,glioma_tumor
2731,gg (718).jpg,glioma_tumor
2732,gg (719).jpg,glioma_tumor
2733,gg (72).jpg,glioma_tumor
2734,gg (720).jpg,glioma_tumor
2735,gg (721).jpg,glioma_tumor
2736,gg (722).jpg,glioma_tumor
2737,gg (723).jpg,glioma_tumor
2738,gg (724).jpg,glioma_tumor
2739,gg (725).jpg,glioma_tumor
2740,gg (726).jpg,glioma_tumor
2741,gg (727).jpg,glioma_tumor
2742,gg (728).jpg,glioma_tumor
2743,gg (729).jpg,glioma_tumor
2744,gg (73).jpg,glioma_tumor
2745,gg (730).jpg,glioma_tumor
2746,gg (731).jpg,glioma_tumor
2747,gg (732).jpg,glioma_tumor
2748,gg (733).jpg,glioma_tumor
2749,gg (734).jpg,glioma_tumor
2750,gg (735).jpg,glioma_tumor
2751,gg (736).jpg,glioma_tumor
2752,gg (737).jpg,glioma_tumor
2753,gg (738).jpg,glioma_tumor
2754,gg (739).jpg,glioma_tumor
2755,gg (74).jpg,glioma_tumor
2756,gg (740).jpg,glioma_tumor
2757,gg (741).jpg,glioma_tumor
2758,gg (742).jpg,glioma_tumor
2759,gg (743).jpg,glioma_tumor
2760,gg (744).jpg,glioma_tumor
2761,gg (745).jpg,glioma_tumor
2762,gg (746).jpg,glioma_tumor
2763,gg (747).jpg,glioma_tumor
2764,gg (748).jpg,glioma_tumor
2765,gg (749).jpg,glioma_tumor
2766,gg (75).jpg,glioma_tumor
2767,gg (750).jpg,glioma_tumor
2768,gg (751).jpg,glioma_tumor
2769,gg (752).jpg,glioma_tumor
2770,gg (753).jpg,glioma_tumor
2771,gg (754).jpg,glioma_tumor
2772,gg (755).jpg,glioma_tumor
2773,gg (756).jpg,glioma_tumor
2774,gg (757).jpg,glioma_tumor
2775,gg (758).jpg,glioma_tumor
2776,gg (759).jpg,glioma_tumor
2777,gg (76).jpg,glioma_tumor
2778,gg (760).jpg,glioma_tumor
2779,gg (761).jpg,glioma_tumor
2780,gg (762).jpg,glioma_tumor
2781,gg (763).jpg,glioma_tumor
2782,gg (764).jpg,glioma_tumor
2783,gg (765).jpg,glioma_tumor
2784,gg (766).jpg,glioma_tumor
2785,gg (767).jpg,glioma_tumor
2786,gg (768).jpg,glioma_tumor
2787,gg (769).jpg,glioma_tumor
2788,gg (77).jpg,glioma_tumor
2789,gg (770).jpg,glioma_tumor
2790,gg (771).jpg,glioma_tumor
2791,gg (772).jpg,glioma_tumor
2792,gg (773).jpg,glioma_tumor
2793,gg (774).jpg,glioma_tumor
2794,gg (775).jpg,glioma_tumor
2795,gg (776).jpg,glioma_tumor
2796,gg (777).jpg,glioma_tumor
2797,gg (778).jpg,glioma_tumor
2798,gg (779).jpg,glioma_tumor
2799,gg (78).jpg,glioma_tumor
2800,gg (780).jpg,glioma_tumor
2801,gg (781).jpg,glioma_tumor
2802,gg (782).jpg,glioma_tumor
2803,gg (783).jpg,glioma_tumor
2804,gg (784).jpg,glioma_tumor
2805,gg (785).jpg,glioma_tumor
2806,gg (786).jpg,glioma_tumor
2807,gg (787).jpg,glioma_tumor
2808,gg (788).jpg,glioma_tumor
2809,gg (789).jpg,glioma_tumor
2810,gg (79).jpg,glioma_tumor
2811,gg (790).jpg,glioma_tumor
2812,gg (791).jpg,glioma_tumor
2813,gg (792).jpg,glioma_tumor
2814,gg (793).jpg,glioma_tumor
2815,gg (794).jpg,glioma_tumor
2816,gg (795).jpg,glioma_tumor
2817,gg (796).jpg,glioma_tumor
2818,gg (797).jpg,glioma_tumor
2819,gg (798).jpg,glioma_tumor
2820,gg (799).jpg,glioma_tumor
2821,gg (8).jpg,glioma_tumor
2822,gg (80).jpg,glioma_tumor
2823,gg (800).jpg,glioma_tumor
2824,gg (801).jpg,glioma_tumor
2825,gg (802).jpg,glioma_tumor
2826,gg (803).jpg,glioma_tumor
2827,gg (804).jpg,glioma_tumor
2828,gg (805).jpg,glioma_tumor
2829,gg (806).jpg,glioma_tumor
2830,gg (807).jpg,glioma_tumor
2831,gg (808).jpg,glioma_tumor
2832,gg (809).jpg,glioma_tumor
2833,gg (81).jpg,glioma_tumor
2834,gg (810).jpg,glioma_tumor
2835,gg (811).jpg,glioma_tumor
2836,gg (812).jpg,glioma_tumor
2837,gg (813).jpg,glioma_tumor
2838,gg (814).jpg,glioma_tumor
2839,gg (815).jpg,glioma_tumor
2840,gg (816).jpg,glioma_tumor
2841,gg (817).jpg,glioma_tumor
2842,gg (818).jpg,glioma_tumor
2843,gg (819).jpg,glioma_tumor
2844,gg (82).jpg,glioma_tumor
2845,gg (820).jpg,glioma_tumor
2846,gg (821).jpg,glioma_tumor
2847,gg (822).jpg,glioma_tumor
2848,gg (823).jpg,glioma_tumor
2849,gg (824).jpg,glioma_tumor
2850,gg (825).jpg,glioma_tumor
2851,gg (826).jpg,glioma_tumor
2852,gg (83).jpg,glioma_tumor
2853,gg (84).jpg,glioma_tumor
2854,gg (85).jpg,glioma_tumor
2855,gg (86).jpg,glioma_tumor
2856,gg (87).jpg,glioma_tumor
2857,gg (88).jpg,glioma_tumor
2858,gg (89).jpg,glioma_tumor
2859,gg (9).jpg,glioma_tumor
2860,gg (90).jpg,glioma_tumor
2861,gg (91).jpg,glioma_tumor
2862,gg (92).jpg,glioma_tumor
2863,gg (93).jpg,glioma_tumor
2864,gg (94).jpg,glioma_tumor
2865,gg (95).jpg,glioma_tumor
2866,gg (96).jpg,glioma_tumor
2867,gg (97).jpg,glioma_tumor
2868,gg (98).jpg,glioma_tumor
2869,gg (99).jpg,glioma_tumor
